date,P,E,CPI,CAPE
1871-01-31,4.44,0.4,12.46406116,
1871-02-28,4.5,0.4,12.84464132,
1871-03-31,4.61,0.4,13.0349719,
1871-04-30,4.74,0.4,12.55922645,
1871-05-31,4.86,0.4,12.27381157,
1871-06-30,4.82,0.4,12.08348099,
1871-07-31,4.73,0.4,12.08348099,
1871-08-31,4.79,0.4,11.8932314,
1871-09-30,4.84,0.4,12.17864628,
1871-10-31,4.59,0.4,12.36889587,
1871-11-30,4.64,0.4,12.36889587,
1871-12-31,4.74,0.4,12.65439174,
1872-01-31,4.86,0.4025,12.65439174,
1872-02-29,4.88,0.405,12.65439174,
1872-03-31,5.04,0.4075,12.84464132,
1872-04-30,5.18,0.41,13.13013719,
1872-05-31,5.18,0.4125,13.13013719,
1872-06-30,5.13,0.415,13.0349719,
1872-07-31,5.1,0.4175,12.84464132,
1872-08-31,5.04,0.42,12.93980661,
1872-09-30,4.95,0.4225,13.0349719,
1872-10-31,4.97,0.425,12.74947603,
1872-11-30,4.95,0.4275,13.13013719,
1872-12-31,5.07,0.43,12.93980661,
1873-01-31,5.11,0.4325,12.93980661,
1873-02-28,5.15,0.435,13.22522149,
1873-03-31,5.11,0.4375,13.22522149,
1873-04-30,5.04,0.44,13.22522149,
1873-05-31,5.05,0.4425,12.93980661,
1873-06-30,4.98,0.445,12.55922645,
1873-07-31,4.97,0.4475,12.55922645,
1873-08-31,4.97,0.45,12.55922645,
1873-09-30,4.59,0.4525,12.55922645,
1873-10-31,4.19,0.455,12.27381157,
1873-11-30,4.04,0.4575,11.8932314,
1873-12-31,4.42,0.46,12.17864628,
1874-01-31,4.66,0.46,12.36889587,
1874-02-28,4.8,0.46,12.36889587,
1874-03-31,4.73,0.46,12.36889587,
1874-04-30,4.6,0.46,12.17864628,
1874-05-31,4.48,0.46,12.08348099,
1874-06-30,4.46,0.46,11.79806612,
1874-07-31,4.46,0.46,11.8932314,
1874-08-31,4.47,0.46,11.79806612,
1874-09-30,4.54,0.46,11.79806612,
1874-10-31,4.53,0.46,11.60773554,
1874-11-30,4.57,0.46,11.51265124,
1874-12-31,4.54,0.46,11.51265124,
1875-01-31,4.54,0.4517,11.51265124,
1875-02-28,4.53,0.4433,11.51265124,
1875-03-31,4.59,0.435,11.51265124,
1875-04-30,4.65,0.4267,11.60773554,
1875-05-31,4.47,0.4183,11.32232066,
1875-06-30,4.38,0.41,11.13207107,
1875-07-31,4.39,0.4017,11.13207107,
1875-08-31,4.41,0.3933,11.22715537,
1875-09-30,4.37,0.385,11.13207107,
1875-10-31,4.3,0.3767,11.13207107,
1875-11-30,4.37,0.3683,11.03690579,
1875-12-31,4.37,0.36,10.9417405,
1876-01-31,4.46,0.3533,10.84657521,
1876-02-29,4.52,0.3467,10.84657521,
1876-03-31,4.51,0.34,10.84657521,
1876-04-30,4.34,0.3333,10.75149091,
1876-05-31,4.18,0.3267,10.37091074,
1876-06-30,4.15,0.32,10.08541488,
1876-07-31,4.1,0.3133,10.08541488,
1876-08-31,3.93,0.3067,10.18058017,
1876-09-30,3.69,0.3,10.27574545,
1876-10-31,3.67,0.2933,10.46599504,
1876-11-30,3.6,0.2867,10.56116033,
1876-12-31,3.58,0.28,10.75149091,
1877-01-31,3.55,0.2817,10.9417405,
1877-02-28,3.34,0.2833,10.65632562,
1877-03-31,3.17,0.285,10.18058017,
1877-04-30,2.94,0.2867,10.46599504,
1877-05-31,2.94,0.2883,10.65632562,
1877-06-30,2.73,0.29,10.08541488,
1877-07-31,2.85,0.2917,10.18058017,
1877-08-31,3.05,0.2933,9.8,
1877-09-30,3.24,0.295,9.704834711,
1877-10-31,3.31,0.2967,9.704834711,
1877-11-30,3.26,0.2983,9.514585124,
1877-12-31,3.25,0.3,9.514585124,
1878-01-31,3.25,0.3008,9.229089256,
1878-02-28,3.18,0.3017,9.134004959,
1878-03-31,3.24,0.3025,8.94367438,
1878-04-30,3.33,0.3033,8.848509091,
1878-05-31,3.34,0.3042,8.563094215,
1878-06-30,3.41,0.305,8.372844628,
1878-07-31,3.48,0.3058,8.467928926,
1878-08-31,3.45,0.3067,8.563094215,
1878-09-30,3.52,0.3075,8.563094215,
1878-10-31,3.48,0.3083,8.467928926,
1878-11-30,3.47,0.3092,8.372844628,
1878-12-31,3.45,0.31,8.18251405,
1879-01-31,3.58,0.3158,8.277679339,
1879-02-28,3.71,0.3217,8.372844628,
1879-03-31,3.65,0.3275,8.277679339,
1879-04-30,3.77,0.3333,8.18251405,
1879-05-31,3.94,0.3392,8.18251405,
1879-06-30,3.96,0.345,8.087381157,
1879-07-31,4.04,0.3508,8.18251405,
1879-08-31,4.07,0.3567,8.18251405,
1879-09-30,4.22,0.3625,8.467928926,
1879-10-31,4.68,0.3683,8.94367438,
1879-11-30,4.93,0.3742,9.419419835,
1879-12-31,4.92,0.38,9.704834711,
1880-01-31,5.11,0.3892,9.990330579,
1880-02-29,5.2,0.3983,9.990330579,
1880-03-31,5.3,0.4075,10.08541488,
1880-04-30,5.18,0.4167,9.704834711,
1880-05-31,4.77,0.4258,9.419419835,
1880-06-30,4.79,0.435,9.229089256,
1880-07-31,5.01,0.4442,9.229089256,
1880-08-31,5.19,0.4533,9.229089256,
1880-09-30,5.18,0.4625,9.324254545,
1880-10-31,5.33,0.4717,9.324254545,
1880-11-30,5.61,0.4808,9.419419835,
1880-12-31,5.84,0.49,9.514585124,17.25505366994423
1881-01-31,6.19,0.4858,9.419419835,18.390020111452465
1881-02-28,6.17,0.4817,9.514585124,18.065165880619357
1881-03-31,6.24,0.4775,9.514585124,18.18778742393608
1881-04-30,6.22,0.4733,9.609669421,17.878202905807754
1881-05-31,6.5,0.4692,9.514585124,18.7973586249624
1881-06-30,6.58,0.465,9.514585124,18.960154623200033
1881-07-31,6.35,0.4608,9.609669421,18.055116342956968
1881-08-31,6.2,0.4567,9.8,17.23534612350232
1881-09-30,6.25,0.4525,10.18058017,16.680896384223228
1881-10-31,6.15,0.4483,10.27574545,16.220531649253466
1881-11-30,6.19,0.4442,10.18058017,16.436720222261307
1881-12-31,6.01,0.44,10.18058017,15.91712375029945
1882-01-31,5.92,0.4392,10.18058017,15.638938314687667
1882-02-28,5.79,0.4383,10.27574545,15.117780455714229
1882-03-31,5.78,0.4375,10.27574545,15.055145818355493
1882-04-30,5.78,0.4367,10.37091074,14.880877973655215
1882-05-31,5.71,0.4358,10.46599504,14.53404223340279
1882-06-30,5.68,0.435,10.56116033,14.297723444192531
1882-07-31,6.0,0.4342,10.46599504,15.210290377903977
1882-08-31,6.18,0.4333,10.56116033,15.496068181745061
1882-09-30,6.24,0.4325,10.27574545,16.04683965548472
1882-10-31,6.07,0.4317,10.18058017,15.724176584406699
1882-11-30,5.81,0.4308,10.08541488,15.158834326211512
1882-12-31,5.84,0.43,9.990330579,15.349107272897706
1883-01-31,5.81,0.4275,9.990330579,15.23902391330963
1883-02-28,5.68,0.425,10.08541488,14.727847216372103
1883-03-31,5.75,0.4225,9.990330579,15.021105144069976
1883-04-30,5.87,0.42,9.895165289,15.451234513032196
1883-05-31,5.77,0.4175,9.8,15.307570704557525
1883-06-30,5.82,0.415,9.514585124,15.875235632395826
1883-07-31,5.73,0.4125,9.324254545,15.919145580089404
1883-08-31,5.47,0.41,9.324254545,15.170150174526366
1883-09-30,5.53,0.4075,9.229089256,15.467611742441974
1883-10-31,5.38,0.405,9.229089256,15.026036804034941
1883-11-30,5.46,0.4025,9.134004959,15.389709753272665
1883-12-31,5.34,0.4,9.229089256,14.878623165120406
1884-01-31,5.18,0.3925,9.229089256,14.416329696479425
1884-02-29,5.32,0.385,9.229089256,14.791631089689998
1884-03-31,5.3,0.3775,9.229089256,14.724332018321084
1884-04-30,5.06,0.37,9.038839669,14.343758447030714
1884-05-31,4.65,0.3625,8.848509091,13.456720997545048
1884-06-30,4.46,0.355,8.848509091,12.903764122155808
1884-07-31,4.46,0.3475,8.753424793,13.041090190778732
1884-08-31,4.74,0.34,8.753424793,13.860249396786301
1884-09-30,4.59,0.3325,8.658259504,13.570853336935667
1884-10-31,4.44,0.325,8.563094215,13.277996323378487
1884-11-30,4.35,0.3175,8.372844628,13.310220257916002
1884-12-31,4.34,0.31,8.277679339,13.439482930957563
1885-01-31,4.24,0.3067,8.277679339,13.135944662421748
1885-02-28,4.37,0.3033,8.372844628,13.391346099813859
1885-03-31,4.38,0.3,8.18251405,13.737486674231384
1885-04-30,4.37,0.2967,8.277679339,13.551204929858935
1885-05-31,4.32,0.2933,8.087381157,13.713361721498734
1885-06-30,4.3,0.29,7.897091074,13.9791077793717
1885-07-31,4.46,0.2867,7.992232066,14.32731043594775
1885-08-31,4.71,0.2833,7.992232066,15.129064949560394
1885-09-30,4.65,0.28,7.897091074,15.113467769123124
1885-10-31,4.92,0.2767,7.897091074,15.986923808949062
1885-11-30,5.24,0.2733,7.992232066,16.821063947030524
1885-12-31,5.2,0.27,8.18251405,16.30414248368581
1886-01-31,5.2,0.275,7.992232066,16.685768103622117
1886-02-28,5.3,0.28,7.992232066,16.995497522922758
1886-03-31,5.19,0.285,7.897091074,16.826221811268443
1886-04-30,5.12,0.29,7.801941983,16.779627730795877
1886-05-31,5.02,0.295,7.611651901,16.83716827139399
1886-06-30,5.25,0.3,7.51650281,17.800504310329398
1886-07-31,5.33,0.305,7.611651901,17.811778978960334
1886-08-31,5.37,0.31,7.706792893,17.686054969427612
1886-09-30,5.51,0.315,7.706792893,18.10242853083093
1886-10-31,5.65,0.32,7.706792893,18.509666042733514
1886-11-30,5.79,0.325,7.706792893,18.908542423149438
1886-12-31,5.64,0.33,7.801941983,18.13224300713639
1887-01-31,5.58,0.3325,7.992232066,17.454368366881027
1887-02-28,5.54,0.335,8.087381157,17.07259329132032
1887-03-31,5.67,0.3375,8.087381157,17.423502971327768
1887-04-30,5.8,0.34,8.087381157,17.76908194563692
1887-05-31,5.9,0.3425,8.087381157,18.018540609833124
1887-06-30,5.73,0.345,7.992232066,17.65532237489074
1887-07-31,5.59,0.3475,7.897091074,17.376719749805925
1887-08-31,5.45,0.35,7.992232066,16.69250719323425
1887-09-30,5.38,0.3525,7.897091074,16.628328869758917
1887-10-31,5.2,0.355,7.992232066,15.836068775560737
1887-11-30,5.3,0.3575,8.087381157,15.909237996287121
1887-12-31,5.27,0.36,8.277679339,15.418208884301457
1888-01-31,5.31,0.3517,8.372844628,15.329543748516961
1888-02-29,5.28,0.3433,8.277679339,15.392002775094072
1888-03-31,5.08,0.335,8.277679339,14.789203072391992
1888-04-30,5.1,0.3267,8.18251405,15.003086702342236
1888-05-31,5.17,0.3183,8.087381157,15.376094476587927
1888-06-30,5.01,0.31,7.992232066,15.070498791019157
1888-07-31,5.14,0.3017,8.087381157,15.275993520810758
1888-08-31,5.25,0.2933,8.087381157,15.601505820492093
1888-09-30,5.38,0.285,8.087381157,15.989973920499434
1888-10-31,5.35,0.2767,8.18251405,15.724105515244718
1888-11-30,5.24,0.2683,8.277679339,15.23754106959291
1888-12-31,5.14,0.26,8.277679339,14.966189459513698
1889-01-31,5.24,0.2633,7.992232066,15.818827727383633
1889-02-28,5.3,0.2667,7.897091074,16.20787347628809
1889-03-31,5.19,0.27,7.801941983,16.08108929175507
1889-04-30,5.18,0.2733,7.801941983,16.068566811906482
1889-05-31,5.32,0.2767,7.611651901,16.93284503915004
1889-06-30,5.41,0.28,7.611651901,17.239745357904088
1889-07-31,5.3,0.2833,7.611651901,16.908533718683866
1889-08-31,5.37,0.2867,7.611651901,17.152426608115693
1889-09-30,5.5,0.29,7.706792893,17.36901466967689
1889-10-31,5.4,0.2933,7.706792893,17.06402136810217
1889-11-30,5.35,0.2967,7.706792893,16.9102352687122
1889-12-31,5.32,0.3,7.801941983,16.61271143675066
1890-01-31,5.38,0.2992,7.611651901,17.218846730596276
1890-02-28,5.32,0.2983,7.611651901,17.029161093806497
1890-03-31,5.28,0.2975,7.611651901,16.90565342948885
1890-04-30,5.39,0.2967,7.611651901,17.271737087489278
1890-05-31,5.62,0.2958,7.706792893,17.811130456238335
1890-06-30,5.58,0.295,7.706792893,17.716293963903595
1890-07-31,5.54,0.2942,7.706792893,17.625077110560298
1890-08-31,5.41,0.2933,7.992232066,16.63900970376284
1890-09-30,5.32,0.2925,8.087381157,16.21432235216386
1890-10-31,5.08,0.2917,8.087381157,15.529164764366895
1890-11-30,4.71,0.2908,7.897091074,14.788367108609577
1890-12-31,4.6,0.29,7.897091074,14.48722677714119
1891-01-31,4.84,0.2942,7.801941983,15.473447668153023
1891-02-28,4.9,0.2983,7.897091074,15.517983476913354
1891-03-31,4.81,0.3025,7.992232066,15.090423298211705
1891-04-30,4.97,0.3067,8.087381157,15.445508353239648
1891-05-31,4.95,0.3108,7.992232066,15.600561972854399
1891-06-30,4.85,0.315,7.801941983,15.686191188522194
1891-07-31,4.77,0.3192,7.706792893,15.639406266231987
1891-08-31,4.93,0.3233,7.706792893,16.179847872994852
1891-09-30,5.33,0.3275,7.611651901,17.716568589826363
1891-10-31,5.33,0.3317,7.611651901,17.716751920573916
1891-11-30,5.25,0.3358,7.51650281,17.667854112957887
1891-12-31,5.41,0.34,7.51650281,18.19857597591676
1892-01-31,5.51,0.3425,7.326212727,19.00193876373029
1892-02-29,5.52,0.345,7.326212727,19.01865668969209
1892-03-31,5.58,0.3475,7.135922645,19.712672750957065
1892-04-30,5.57,0.35,7.040773554,19.91146521348981
1892-05-31,5.57,0.3525,7.040773554,19.876338283763843
1892-06-30,5.54,0.355,7.040773554,19.731145722314896
1892-07-31,5.54,0.3575,7.231071736,19.18001187557822
1892-08-31,5.62,0.36,7.326212727,19.171862695234616
1892-09-30,5.48,0.3625,7.326212727,18.665541634343366
1892-10-31,5.59,0.365,7.326212727,19.010893848506903
1892-11-30,5.57,0.3675,7.51650281,18.439662289984383
1892-12-31,5.51,0.37,7.611651901,17.992235169067925
1893-01-31,5.61,0.3608,7.897091074,17.646057820314358
1893-02-28,5.51,0.3517,7.992232066,17.11858454006691
1893-03-31,5.31,0.3425,7.801941983,16.893966422043317
1893-04-30,5.31,0.3333,7.706792893,17.099702735201564
1893-05-31,4.84,0.3242,7.611651901,15.781018142759956
1893-06-30,4.61,0.315,7.421361818,15.420242234860373
1893-07-31,4.18,0.3058,7.231071736,14.355644366261071
1893-08-31,4.08,0.2967,6.945632562,14.591842916455098
1893-09-30,4.37,0.2875,7.231071736,15.025738962603523
1893-10-31,4.5,0.2783,7.326212727,15.290473501898795
1893-11-30,4.57,0.2692,7.135922645,15.963411576423782
1893-12-31,4.41,0.26,7.040773554,15.633521380285051
1894-01-31,4.32,0.2517,6.850483471,15.7588367630713
1894-02-28,4.38,0.2433,6.755342479,16.22199225760304
1894-03-31,4.51,0.235,6.565052397,17.205945151425947
1894-04-30,4.57,0.2267,6.565052397,17.45818097240802
1894-05-31,4.4,0.2183,6.565052397,16.835900151909478
1894-06-30,4.34,0.21,6.565052397,16.634637638291665
1894-07-31,4.25,0.2017,6.565052397,16.32039594499379
1894-08-31,4.41,0.1933,6.755342479,16.493215601686238
1894-09-30,4.48,0.185,6.850483471,16.5620571963834
1894-10-31,4.34,0.1767,6.660193388,16.542784447444554
1894-11-30,4.34,0.1683,6.660193388,16.58717703836167
1894-12-31,4.3,0.16,6.565052397,16.718849157929338
1895-01-31,4.25,0.1675,6.565052397,16.56509789884212
1895-02-28,4.19,0.175,6.565052397,16.3646254271748
1895-03-31,4.19,0.1825,6.565052397,16.39568169097055
1895-04-30,4.37,0.19,6.850483471,16.416038283148076
1895-05-31,4.61,0.1975,6.945632562,17.109102798452355
1895-06-30,4.7,0.205,7.040773554,17.235574925564872
1895-07-31,4.72,0.2125,6.945632562,17.56596142235888
1895-08-31,4.79,0.22,6.850483471,18.087055847352733
1895-09-30,4.82,0.2275,6.850483471,18.209154930587033
1895-10-31,4.75,0.235,6.850483471,17.947547976389558
1895-11-30,4.59,0.2425,6.850483471,17.338498897564072
1895-12-31,4.32,0.25,6.755342479,16.53411555382824
1896-01-31,4.27,0.2467,6.660193388,16.566828020398095
1896-02-29,4.45,0.2433,6.565052397,17.507765769344477
1896-03-31,4.38,0.24,6.565052397,17.2306271162323
1896-04-30,4.42,0.2367,6.469903306,17.64592278504504
1896-05-31,4.4,0.2333,6.374754215,17.836555439698724
1896-06-30,4.32,0.23,6.279613223,17.79016644719421
1896-07-31,4.04,0.2267,6.279613223,16.651343046392803
1896-08-31,3.81,0.2233,6.279613223,15.719185831160097
1896-09-30,4.01,0.22,6.279613223,16.56522302422774
1896-10-31,4.1,0.2167,6.469903306,16.467446168986054
1896-11-30,4.38,0.2133,6.660193388,17.127049836726208
1896-12-31,4.22,0.21,6.660193388,16.540052205245868
1897-01-31,4.22,0.2183,6.469903306,17.05569120271107
1897-02-28,4.18,0.2267,6.469903306,16.91755808971216
1897-03-31,4.19,0.235,6.469903306,16.978072471189897
1897-04-30,4.06,0.2433,6.374754215,16.71100309421422
1897-05-31,4.08,0.2517,6.279613223,17.056212858364802
1897-06-30,4.27,0.26,6.279613223,17.857384860392965
1897-07-31,4.46,0.2683,6.279613223,18.657193864863064
1897-08-31,4.75,0.2767,6.565052397,19.013243210749398
1897-09-30,4.98,0.285,6.755342479,19.3827604355599
1897-10-31,4.82,0.2933,6.660193388,19.029617168301517
1897-11-30,4.65,0.3017,6.660193388,18.354046974893386
1897-12-31,4.75,0.31,6.660193388,18.736219283527728
1898-01-31,4.88,0.3133,6.660193388,19.22780200838294
1898-02-28,4.87,0.3167,6.755342479,18.895783199417732
1898-03-31,4.65,0.32,6.755342479,18.01502534634896
1898-04-30,4.57,0.3233,6.755342479,17.67451431734384
1898-05-31,4.87,0.3267,7.231071736,17.57335834875247
1898-06-30,5.06,0.33,6.755342479,19.50214594998797
1898-07-31,5.08,0.3333,6.660193388,19.80420666225781
1898-08-31,5.27,0.3367,6.660193388,20.481597373837097
1898-09-30,5.26,0.34,6.660193388,20.37325652108144
1898-10-31,5.15,0.3433,6.660193388,19.871465051274086
1898-11-30,5.32,0.3467,6.660193388,20.441426113106502
1898-12-31,5.65,0.35,6.755342479,21.310914786702728
1899-01-31,6.08,0.3608,6.755342479,22.833585513319807
1899-02-28,6.31,0.3717,6.945632562,22.952311713931255
1899-03-31,6.4,0.3825,6.945632562,23.179814768347335
1899-04-30,6.48,0.3933,7.040773554,23.051759333044373
1899-05-31,6.21,0.4042,7.040773554,21.994604976035234
1899-06-30,6.07,0.415,7.135922645,21.11830494110867
1899-07-31,6.28,0.4258,7.231071736,21.465210483287347
1899-08-31,6.44,0.4367,7.326212727,21.628491546534693
1899-09-30,6.37,0.4475,7.611651901,20.502179122601273
1899-10-31,6.34,0.4583,7.706792893,20.066007423560055
1899-11-30,6.46,0.4692,7.801941983,20.10800751803066
1899-12-31,6.02,0.48,7.897091074,18.42936683310124
1900-01-31,6.1,0.48,7.897091074,18.59383462412022
1900-02-28,6.21,0.48,7.992232066,18.62582702011027
1900-03-31,6.26,0.48,7.992232066,18.697456897255567
1900-04-30,6.34,0.48,7.992232066,18.857331054049855
1900-05-31,6.04,0.48,7.801941983,18.319217239592465
1900-06-30,5.86,0.48,7.706792893,17.907942949883324
1900-07-31,5.86,0.48,7.801941983,17.60885162903883
1900-08-31,5.94,0.48,7.706792893,17.979744251866258
1900-09-30,5.8,0.48,7.801941983,17.256814121171026
1900-10-31,6.01,0.48,7.706792893,18.01106535009292
1900-11-30,6.48,0.48,7.706792893,19.324891943204086
1900-12-31,6.87,0.48,7.611651901,20.63992994976151
1901-01-31,7.07,0.4817,7.706792893,20.879922627819987
1901-02-28,7.25,0.4833,7.611651901,21.573899286612242
1901-03-31,7.51,0.485,7.611651901,22.23899625876437
1901-04-30,8.14,0.4867,7.51650281,24.287330304629936
1901-05-31,7.73,0.4883,7.51650281,22.95215809083217
1901-06-30,8.5,0.49,7.51650281,25.12251859479537
1901-07-31,7.93,0.4917,7.611651901,23.04594932240603
1901-08-31,8.04,0.4933,7.706792893,22.98372010927061
1901-09-30,8.0,0.495,7.801941983,22.506095189288413
1901-10-31,7.91,0.4967,7.801941983,22.171447528504263
1901-11-30,8.08,0.4983,7.897091074,22.300200041513005
1901-12-31,7.95,0.5,7.992232066,21.61220021169438
1902-01-31,8.12,0.5108,7.897091074,22.267992004148773
1902-02-28,8.19,0.5217,7.897091074,22.38332222445122
1902-03-31,8.2,0.5325,7.897091074,22.335400174761464
1902-04-30,8.48,0.5433,7.992232066,22.74861608887404
1902-05-31,8.46,0.5542,8.087381157,22.354221738963446
1902-06-30,8.41,0.565,8.18251405,21.891119094984358
1902-07-31,8.6,0.5758,8.18251405,22.302833281692557
1902-08-31,8.83,0.5867,8.087381157,23.07317021771737
1902-09-30,8.85,0.5975,8.18251405,22.762198254272416
1902-10-31,8.57,0.6083,8.753424793,20.53358466908945
1902-11-30,8.24,0.6192,8.467928926,20.322477473704854
1902-12-31,8.05,0.63,8.563094215,19.548307945280584
1903-01-31,8.46,0.6217,8.658259504,20.226594035493072
1903-02-28,8.41,0.6133,8.658259504,20.014422474937245
1903-03-31,8.08,0.605,8.372844628,19.788204209387896
1903-04-30,7.75,0.5967,8.372844628,18.889583819174746
1903-05-31,7.6,0.5883,8.18251405,18.860862547988955
1903-06-30,7.18,0.58,8.18251405,17.73321474715688
1903-07-31,6.85,0.5717,8.18251405,16.83996436164237
1903-08-31,6.63,0.5633,8.18251405,16.228051569900718
1903-09-30,6.47,0.555,8.277679339,15.583384243222035
1903-10-31,6.26,0.5467,8.18251405,15.180240758153797
1903-11-30,6.28,0.5383,8.087381157,15.334760304340163
1903-12-31,6.57,0.53,8.087381157,15.967723073872659
1904-01-31,6.68,0.5267,8.277679339,15.792284768220302
1904-02-29,6.5,0.5233,8.467928926,14.95860535766356
1904-03-31,6.48,0.52,8.372844628,15.017765091606815
1904-04-30,6.64,0.5167,8.277679339,15.495607517479185
1904-05-31,6.5,0.5133,8.087381157,15.450663387287594
1904-06-30,6.51,0.51,8.087381157,15.397783865612526
1904-07-31,6.78,0.5067,8.087381157,15.955192819729744
1904-08-31,7.01,0.5033,8.18251405,16.220030955983557
1904-09-30,7.32,0.5,8.277679339,16.654839323150018
1904-10-31,7.75,0.4967,8.277679339,17.541042253515165
1904-11-30,8.17,0.4933,8.467928926,17.983585260582437
1904-12-31,8.25,0.49,8.467928926,18.065691490837573
1905-01-31,8.43,0.505,8.467928926,18.363027210027887
1905-02-28,8.8,0.52,8.467928926,19.06714276209343
1905-03-31,9.05,0.535,8.372844628,19.72265034660371
1905-04-30,8.94,0.55,8.372844628,19.37113497865142
1905-05-31,8.5,0.565,8.277679339,18.51800352122791
1905-06-30,8.6,0.58,8.277679339,18.621262284341963
1905-07-31,8.87,0.595,8.277679339,19.08817753778952
1905-08-31,9.2,0.61,8.372844628,19.45564665069127
1905-09-30,9.23,0.625,8.277679339,19.621042108574954
1905-10-31,9.36,0.64,8.277679339,19.772683724785708
1905-11-30,9.31,0.655,8.372844628,19.322927884851456
1905-12-31,9.54,0.67,8.467928926,19.459282428379666
1906-01-31,9.87,0.6775,8.467928926,20.008657939130714
1906-02-28,9.8,0.685,8.467928926,19.742953933511536
1906-03-31,9.56,0.6925,8.467928926,19.1364283947898
1906-04-30,9.43,0.7,8.467928926,18.7541349751321
1906-05-31,9.18,0.7075,8.563094215,17.938180358736236
1906-06-30,9.3,0.715,8.563094215,18.054666234560226
1906-07-31,9.06,0.7225,8.277679339,18.06709654334563
1906-08-31,9.73,0.73,8.467928926,18.836019445706455
1906-09-30,10.03,0.7375,8.563094215,19.067910492798976
1906-10-31,9.73,0.745,8.753424793,17.969554069148828
1906-11-30,9.93,0.7525,8.848509091,18.013197767638307
1906-12-31,9.84,0.76,8.94367438,17.534649198915986
1907-01-31,9.56,0.7517,8.848509091,17.10259111963108
1907-02-28,9.26,0.7433,9.038839669,16.116733518346006
1907-03-31,8.35,0.735,8.94367438,14.599770883406771
1907-04-30,8.39,0.7267,8.94367438,14.587801552903073
1907-05-31,8.1,0.7183,9.134004959,13.72154547278122
1907-06-30,7.84,0.71,9.229089256,13.08433141110821
1907-07-31,8.14,0.7017,9.229089256,13.52717913150005
1907-08-31,7.53,0.6933,9.229089256,12.460956982920374
1907-09-30,7.45,0.685,9.229089256,12.278511196929268
1907-10-31,6.64,0.6767,9.324254545,10.792800991438652
1907-11-30,6.25,0.6683,8.94367438,10.55196391547728
1907-12-31,6.57,0.66,8.753424793,11.292307101469689
1908-01-31,6.85,0.6533,8.658259504,11.860716704007903
1908-02-29,6.6,0.6467,8.563094215,11.513649721319407
1908-03-31,6.87,0.64,8.563094215,11.943968432794186
1908-04-30,7.24,0.6333,8.658259504,12.40995908432157
1908-05-31,7.63,0.6267,8.658259504,13.034600773039898
1908-06-30,7.64,0.62,8.658259504,13.015175045280564
1908-07-31,7.92,0.6133,8.753424793,13.312726940684282
1908-08-31,8.26,0.6067,8.753424793,13.852376149387439
1908-09-30,8.17,0.6,8.753424793,13.672180976271404
1908-10-31,8.27,0.5933,8.848509091,13.664945244824343
1908-11-30,8.83,0.5867,8.94367438,14.411232778412726
1908-12-31,9.03,0.58,9.038839669,14.56059741854476
1909-01-31,9.06,0.595,8.94367438,14.740932311718122
1909-02-28,8.8,0.61,9.038839669,14.14319660865008
1909-03-31,8.92,0.625,9.038839669,14.311671880442825
1909-04-30,9.32,0.64,9.229089256,14.621369058545413
1909-05-31,9.63,0.655,9.324254545,14.930382066079188
1909-06-30,9.8,0.67,9.419419835,15.016975025842788
1909-07-31,9.94,0.685,9.419419835,15.206194406333122
1909-08-31,10.18,0.7,9.514585124,15.391772593695197
1909-09-30,10.19,0.715,9.609669421,15.225948455315296
1909-10-31,10.23,0.73,9.8,14.9619500335164
1909-11-30,10.18,0.745,9.895165289,14.718995714224322
1909-12-31,10.3,0.76,9.990330579,14.72379448674166
1910-01-31,10.08,0.7575,9.895165289,14.52063189944132
1910-02-28,9.72,0.755,9.895165289,13.975076094411072
1910-03-31,9.96,0.7525,10.08541488,14.025804965937771
1910-04-30,9.72,0.75,10.18058017,13.538074444670984
1910-05-31,9.56,0.7475,9.990330579,13.547502719740546
1910-06-30,9.1,0.745,9.895165289,12.999709428919617
1910-07-31,8.64,0.7425,9.895165289,12.322964958144466
1910-08-31,8.85,0.74,9.8,12.725258704069278
1910-09-30,8.91,0.7375,9.704834711,12.915216100350996
1910-10-31,9.32,0.735,9.419419835,13.893219028443971
1910-11-30,9.31,0.7325,9.229089256,14.13626122315428
1910-12-31,9.05,0.73,9.229089256,13.715792598886834
1911-01-31,9.27,0.7183,9.229089256,14.024161278514683
1911-02-28,9.43,0.7067,8.94367438,14.694949135275195
1911-03-31,9.32,0.695,9.038839669,14.348671710181904
1911-04-30,9.28,0.6833,8.753424793,14.730199397767631
1911-05-31,9.48,0.6717,8.753424793,15.027178065267716
1911-06-30,9.67,0.66,8.753424793,15.310282302480834
1911-07-31,9.63,0.6483,8.848509091,15.068025718915115
1911-08-31,9.17,0.6367,9.134004959,13.890658564016112
1911-09-30,8.67,0.625,9.229089256,12.991550414549126
1911-10-31,8.72,0.6133,9.229089256,13.062273983978999
1911-11-30,9.07,0.6017,9.134004959,13.723609301258591
1911-12-31,9.11,0.59,9.038839669,13.924907288063725
1912-01-31,9.12,0.5992,9.134004959,13.793493208884637
1912-02-29,9.04,0.6083,9.229089256,13.53186981503599
1912-03-31,9.3,0.6175,9.419419835,13.642712237756266
1912-04-30,9.59,0.6267,9.704834711,13.659744423280022
1912-05-31,9.58,0.6358,9.704834711,13.6502380548137
1912-06-30,9.58,0.645,9.609669421,13.788483655813472
1912-07-31,9.59,0.6542,9.609669421,13.806524481079096
1912-08-31,9.81,0.6633,9.704834711,13.99153308765916
1912-09-30,9.86,0.6725,9.8,13.933355084717448
1912-10-31,9.84,0.6817,9.8,13.904982900625724
1912-11-30,9.73,0.6908,9.8,13.7537204553615
1912-12-31,9.38,0.7,9.704834711,13.391229428651181
1913-01-31,9.3,0.6942,9.8,13.149557725864199
1913-02-28,8.97,0.6883,9.8,12.683838412636073
1913-03-31,8.8,0.6825,9.8,12.447211640477526
1913-04-30,8.79,0.6767,9.8,12.436249178627325
1913-05-31,8.55,0.6708,9.7,12.225275093099173
1913-06-30,8.12,0.665,9.8,11.495983143817131
1913-07-31,8.23,0.6592,9.9,11.53840209154283
1913-08-31,8.45,0.6533,9.9,11.850749841319344
1913-09-30,8.53,0.6475,10.0,11.84646631354284
1913-10-31,8.26,0.6417,10.0,11.475000524970694
1913-11-30,8.05,0.6358,10.1,11.077167258238045
1913-12-31,8.04,0.63,10.0,11.177321448574784
1914-01-31,8.37,0.6208,10.0,11.638180542237283
1914-02-28,8.48,0.6117,9.9,11.910247673045232
1914-03-31,8.32,0.6025,9.9,11.687214665766314
1914-04-30,8.12,0.5933,9.8,11.525173618096249
1914-05-31,8.17,0.5842,9.9,11.48494500976095
1914-06-30,8.13,0.575,9.9,11.435320172837272
1914-07-31,7.68,0.5658,10.0,10.701887190377967
1914-08-31,7.68,0.5567,10.2,10.500497301802133
1914-09-30,7.68,0.5475,10.2,10.508712804693616
1914-10-31,7.68,0.5383,10.1,10.62104554044749
1914-11-30,7.68,0.5292,10.2,10.52472462589423
1914-12-31,7.35,0.52,10.1,10.17978360341122
1915-01-31,7.48,0.55,10.1,10.3660952599026
1915-02-28,7.38,0.58,10.0,10.333894287867158
1915-03-31,7.57,0.61,9.9,10.709863634220762
1915-04-30,8.14,0.64,10.0,11.403371230996388
1915-05-31,7.95,0.67,10.1,11.02940104518855
1915-06-30,8.04,0.7,10.1,11.155253474076755
1915-07-31,8.01,0.73,10.1,11.113113946018307
1915-08-31,8.35,0.76,10.1,11.581595361183165
1915-09-30,8.66,0.79,10.1,12.007766893424648
1915-10-31,9.14,0.82,10.2,12.544573167588831
1915-11-30,9.46,0.85,10.3,12.851274887835393
1915-12-31,9.48,0.88,10.3,12.868968788151335
1916-01-31,9.33,0.9342,10.4,12.529228935419633
1916-02-29,9.2,0.9883,10.4,12.33436058289262
1916-03-31,9.17,1.042,10.5,12.152400290317745
1916-04-30,9.07,1.097,10.6,11.877797966169263
1916-05-31,9.27,1.151,10.7,11.99164923113388
1916-06-30,9.36,1.205,10.8,11.957238025610252
1916-07-31,9.23,1.259,10.8,11.751589387188499
1916-08-31,9.3,1.313,10.9,11.686217170170092
1916-09-30,9.68,1.368,11.1,11.894161449426345
1916-10-31,9.98,1.422,11.3,11.99023387949316
1916-11-30,10.21,1.476,11.5,11.994465803820574
1916-12-31,9.8,1.53,11.6,11.353584849059416
1917-01-31,9.57,1.509,11.7,10.938433899503188
1917-02-28,9.03,1.488,12.0,10.01656588972869
1917-03-31,9.31,1.468,12.0,10.281364745804002
1917-04-30,9.17,1.447,12.6,9.608889166205678
1917-05-31,8.86,1.426,12.8,9.106160203727955
1917-06-30,9.04,1.405,13.0,9.117089312277058
1917-07-31,8.79,1.384,12.8,8.972012354703569
1917-08-31,8.53,1.363,13.0,8.545026037345222
1917-09-30,8.12,1.343,13.3,7.927803859371817
1917-10-31,7.68,1.322,13.5,7.366923932481063
1917-11-30,7.04,1.301,13.5,6.7372751229396535
1917-12-31,6.8,1.28,13.7,6.400169087216553
1918-01-31,7.21,1.256,14.0,6.630485962336916
1918-02-28,7.43,1.232,14.1,6.7757260365776455
1918-03-31,7.28,1.208,14.0,6.678093420577008
1918-04-30,7.21,1.183,14.2,6.5136411862962476
1918-05-31,7.44,1.159,14.5,6.577055208860308
1918-06-30,7.45,1.135,14.7,6.492405626398743
1918-07-31,7.51,1.111,15.1,6.368936140285662
1918-08-31,7.58,1.087,15.4,6.302216679464885
1918-09-30,7.54,1.063,15.7,6.149720169434215
1918-10-31,7.86,1.038,16.0,6.29197621006346
1918-11-30,8.06,1.014,16.3,6.335620477569183
1918-12-31,7.9,0.99,16.5,6.137311382879723
1919-01-31,7.85,0.985,16.5,6.102920548642396
1919-02-28,7.88,0.98,16.2,6.244360486204229
1919-03-31,8.12,0.975,16.4,6.362672957988
1919-04-30,8.39,0.97,16.7,6.463935404494014
1919-05-31,8.97,0.965,16.9,6.838641528405392
1919-06-30,9.21,0.96,16.9,7.032431555145524
1919-07-31,9.51,0.955,17.4,7.066391303222437
1919-08-31,8.87,0.95,17.7,6.493051896355364
1919-09-30,9.01,0.945,17.8,6.573610073395181
1919-10-31,9.47,0.94,18.1,6.811331196383616
1919-11-30,9.19,0.935,18.5,6.48443281006916
1919-12-31,8.92,0.93,18.9,6.178775128130301
1920-01-31,8.83,0.9192,19.3,6.0086294063799
1920-02-29,8.1,0.9083,19.5,5.473150224093075
1920-03-31,8.67,0.8975,19.7,5.817381274629998
1920-04-30,8.6,0.8867,20.3,5.6184189016876775
1920-05-31,8.06,0.8758,20.6,5.207544368017537
1920-06-30,7.92,0.865,20.9,5.0626761303508525
1920-07-31,7.91,0.8542,20.8,5.099880023945516
1920-08-31,7.6,0.8433,20.3,5.039832881970099
1920-09-30,7.87,0.8325,20.0,5.317664626372701
1920-10-31,7.88,0.8217,19.9,5.3734089633879245
1920-11-30,7.48,0.8108,19.8,5.148776951112597
1920-12-31,6.81,0.8,19.4,4.804902393650278
1921-01-31,7.11,0.7575,19.0,5.1444603934859785
1921-02-28,7.06,0.715,18.4,5.299236898111085
1921-03-31,6.88,0.6725,18.3,5.216448133195151
1921-04-30,6.91,0.63,18.1,5.3237115319272705
1921-05-31,7.12,0.5875,17.7,5.637997988040661
1921-06-30,6.55,0.545,17.6,5.243322343750094
1921-07-31,6.53,0.5025,17.7,5.225310883038563
1921-08-31,6.45,0.46,17.7,5.188065245464422
1921-09-30,6.61,0.4175,17.5,5.405655709243677
1921-10-31,6.7,0.375,17.5,5.508838571164389
1921-11-30,7.06,0.3325,17.4,5.871119184475107
1921-12-31,7.31,0.29,17.3,6.150134426812842
1922-01-31,7.3,0.3233,16.9,6.322725585883107
1922-02-28,7.46,0.3567,16.9,6.496812579387859
1922-03-31,7.74,0.39,16.7,6.856879566409785
1922-04-30,8.21,0.4233,16.7,7.308600960812207
1922-05-31,8.53,0.4567,16.7,7.62954226159423
1922-06-30,8.45,0.49,16.7,7.593696832174066
1922-07-31,8.51,0.5233,16.8,7.637367574278818
1922-08-31,8.83,0.5567,16.6,8.055263014367593
1922-09-30,9.06,0.59,16.6,8.299731073646678
1922-10-31,9.26,0.6233,16.7,8.466741581685316
1922-11-30,8.8,0.6567,16.8,8.030339445126076
1922-12-31,8.78,0.69,16.9,7.996657057739729
1923-01-31,8.9,0.7142,16.8,8.183934176043872
1923-02-28,9.28,0.7383,16.8,8.562337646774209
1923-03-31,9.43,0.7625,16.8,8.728084500484515
1923-04-30,9.1,0.7867,16.9,8.397293032888548
1923-05-31,8.67,0.8108,16.9,8.022578352086509
1923-06-30,8.34,0.835,17.0,7.690606286824511
1923-07-31,8.06,0.8592,17.2,7.361981106586874
1923-08-31,8.1,0.8833,17.1,7.455775670913657
1923-09-30,8.15,0.9075,17.2,7.469930122365625
1923-10-31,8.03,0.9317,17.3,7.327329278438617
1923-11-30,8.27,0.9558,17.3,7.553981605689286
1923-12-31,8.55,0.98,17.3,7.816277776174357
1924-01-31,8.83,0.9758,17.3,8.07829189355474
1924-02-29,8.87,0.9717,17.2,8.167768991047824
1924-03-31,8.7,0.9675,17.1,8.062631231631977
1924-04-30,8.5,0.9633,17.0,7.927678371978154
1924-05-31,8.47,0.9592,17.0,7.902399042407832
1924-06-30,8.63,0.955,17.0,8.053704082027643
1924-07-31,9.03,0.9508,17.1,8.378795124693225
1924-08-31,9.34,0.9467,17.0,8.716139283345875
1924-09-30,9.25,0.9425,17.1,8.580036405957495
1924-10-31,9.13,0.9383,17.2,8.418094274711759
1924-11-30,9.64,0.9342,17.2,8.885471987630469
1924-12-31,10.16,0.93,17.3,9.307845703110656
1925-01-31,10.58,0.9567,17.3,9.691537075154338
1925-02-28,10.67,0.9833,17.2,9.83188420678695
1925-03-31,10.39,1.01,17.3,9.522605752977785
1925-04-30,10.28,1.037,17.2,9.48121366599922
1925-05-31,10.61,1.063,17.3,9.735302954694749
1925-06-30,10.8,1.09,17.5,9.80549329397249
1925-07-31,11.1,1.117,17.7,9.97610621237576
1925-08-31,11.25,1.143,17.7,10.125242018042629
1925-09-30,11.51,1.17,17.7,10.375936831432625
1925-10-31,11.89,1.197,17.7,10.736719747166866
1925-11-30,12.26,1.223,18.0,10.907499068974616
1925-12-31,12.46,1.25,17.9,11.170627565912074
1926-01-31,12.65,1.249,17.9,11.371457084472167
1926-02-28,12.67,1.248,17.9,11.428218256944486
1926-03-31,11.81,1.248,17.8,10.75449654123999
1926-04-30,11.48,1.247,17.9,10.443303730490392
1926-05-31,11.56,1.246,17.8,10.629348159696843
1926-06-30,12.11,1.245,17.7,11.261314715874027
1926-07-31,12.62,1.244,17.5,11.944217854130535
1926-08-31,13.12,1.243,17.4,12.573885797176262
1926-09-30,13.32,1.242,17.5,12.785487626156806
1926-10-31,13.02,1.242,17.6,12.523412635646991
1926-11-30,13.19,1.241,17.7,12.719748368822787
1926-12-31,13.49,1.24,17.7,13.124498579834345
1927-01-31,13.4,1.229,17.5,13.298036157237114
1927-02-28,13.66,1.218,17.4,13.741355889590864
1927-03-31,13.87,1.208,17.3,14.141565238635351
1927-04-30,14.21,1.197,17.3,14.586096964017239
1927-05-31,14.7,1.186,17.4,15.098973616473758
1927-06-30,14.89,1.175,17.6,15.213950267029345
1927-07-31,15.22,1.164,17.3,15.91822928563827
1927-08-31,16.03,1.153,17.2,16.959551637477905
1927-09-30,16.94,1.143,17.3,17.913551518488337
1927-10-31,16.68,1.132,17.4,17.62555708478397
1927-11-30,17.06,1.121,17.3,18.21943904954909
1927-12-31,17.46,1.11,17.3,18.731032793034533
1928-01-31,17.53,1.133,17.3,18.876848036624672
1928-02-29,17.32,1.155,17.1,18.92712308382454
1928-03-31,18.25,1.177,17.1,19.997775453770455
1928-04-30,19.4,1.2,17.1,21.301596705853715
1928-05-31,20.0,1.222,17.2,21.86312504367622
1928-06-30,19.02,1.245,17.1,20.927862284934495
1928-07-31,19.16,1.268,17.1,21.08000200148727
1928-08-31,19.78,1.29,17.1,21.74558230249418
1928-09-30,21.17,1.312,17.3,22.97538272825589
1928-10-31,21.6,1.335,17.2,23.53143394345045
1928-11-30,23.06,1.357,17.2,25.05669592516159
1928-12-31,23.15,1.38,17.1,25.220276396712737
1929-01-31,24.86,1.399,17.1,26.990531643234494
1929-02-28,24.99,1.418,17.1,27.037845453191906
1929-03-31,25.43,1.438,17.0,27.568903512318684
1929-04-30,25.28,1.457,16.9,27.449867164613938
1929-05-31,25.66,1.476,17.0,27.573258772648867
1929-06-30,26.15,1.495,17.1,27.805848078898862
1929-07-31,28.48,1.514,17.3,29.78602396277366
1929-08-31,30.1,1.533,17.3,31.315336639718172
1929-09-30,31.3,1.552,17.3,32.38590218807806
1929-10-31,27.99,1.572,17.3,28.793843422872502
1929-11-30,20.58,1.591,17.3,21.041764160487972
1929-12-31,21.4,1.61,17.2,21.86428515492171
1930-01-31,21.71,1.557,17.1,22.169738293947468
1930-02-28,23.07,1.503,17.0,23.55373828205098
1930-03-31,23.94,1.45,16.9,24.44433531680793
1930-04-30,25.46,1.397,17.0,25.7011596319087
1930-05-31,23.94,1.343,16.9,24.18196909629843
1930-06-30,21.52,1.29,16.8,21.757337486943833
1930-07-31,21.06,1.237,16.6,21.44725010508454
1930-08-31,20.79,1.183,16.5,21.21049666444485
1930-09-30,20.78,1.13,16.6,20.99469035716909
1930-10-31,17.92,1.077,16.5,18.15402362028803
1930-11-30,16.62,1.023,16.4,16.889298433639848
1930-12-31,15.51,0.97,16.1,16.012723219662096
1931-01-31,15.98,0.94,15.9,16.66105086859435
1931-02-28,17.2,0.91,15.7,18.113689785003892
1931-03-31,17.53,0.88,15.6,18.52936414915899
1931-04-30,15.86,0.85,15.5,16.82599956375779
1931-05-31,14.33,0.82,15.3,15.358599509259795
1931-06-30,13.87,0.79,15.1,15.0186548377398
1931-07-31,14.33,0.76,15.1,15.470499548155699
1931-08-31,13.9,0.73,15.1,14.96084086893679
1931-09-30,11.83,0.7,15.0,12.778269984384844
1931-10-31,10.25,0.67,14.9,11.110616006267394
1931-11-30,10.39,0.64,14.7,11.378190588012915
1931-12-31,8.44,0.61,14.6,9.274904768842418
1932-01-31,8.3,0.5933,14.3,9.284650063604188
1932-02-29,8.23,0.5767,14.1,9.31236028134878
1932-03-31,8.26,0.56,14.0,9.392277777283933
1932-04-30,6.28,0.5433,13.9,7.179148412856153
1932-05-31,5.51,0.5267,13.7,6.381479273820481
1932-06-30,4.77,0.51,13.6,5.559062418109826
1932-07-31,5.01,0.4933,13.6,5.834815341891564
1932-08-31,7.53,0.4767,13.5,8.832583897867066
1932-09-30,8.26,0.46,13.4,9.762732314978903
1932-10-31,7.12,0.4433,13.3,8.483076695531151
1932-11-30,7.05,0.4267,13.2,8.470875202023274
1932-12-31,6.82,0.41,13.1,8.26748829457691
1933-01-31,7.09,0.4125,12.9,8.740231663178918
1933-02-28,6.25,0.415,12.7,7.837756779891236
1933-03-31,6.23,0.4175,12.6,7.887507003629077
1933-04-30,6.89,0.42,12.6,8.738455143834782
1933-05-31,8.87,0.4225,12.6,11.271332540025465
1933-06-30,10.39,0.425,12.7,13.126290170148637
1933-07-31,11.23,0.4275,13.1,13.786230151157284
1933-08-31,10.67,0.43,13.2,13.03285094147765
1933-09-30,10.58,0.4325,13.2,12.95773431947228
1933-10-31,9.55,0.435,13.2,11.729280894363386
1933-11-30,9.78,0.4375,13.2,12.047745222571601
1933-12-31,9.97,0.44,13.2,12.320725302511748
1934-01-31,10.54,0.4442,13.2,13.065531016215463
1934-02-28,11.32,0.4483,13.3,13.970332026876887
1934-03-31,10.74,0.4525,13.3,13.295558691888608
1934-04-30,10.92,0.4567,13.3,13.559927515439584
1934-05-31,9.81,0.4608,13.3,12.218202426752107
1934-06-30,9.94,0.465,13.4,12.324260912293912
1934-07-31,9.47,0.4692,13.4,11.775087477793532
1934-08-31,9.1,0.4733,13.4,11.347115077886139
1934-09-30,8.88,0.4775,13.6,10.940431402641845
1934-10-31,8.95,0.4817,13.5,11.137699758406635
1934-11-30,9.2,0.4858,13.5,11.47826202059953
1934-12-31,9.26,0.49,13.4,11.667488684144905
1935-01-31,9.26,0.57,13.6,11.517604694436224
1935-02-28,8.98,0.65,13.7,11.103030463140847
1935-03-31,8.41,0.73,13.7,10.405758899791355
1935-04-30,9.04,0.756667,13.8,11.112780842939499
1935-05-31,9.75,0.783333,13.8,11.993514734509027
1935-06-30,10.12,0.81,13.7,12.54513013309779
1935-07-31,10.65,0.793333,13.7,13.211860634742692
1935-08-31,11.37,0.776667,13.7,14.120826757948622
1935-09-30,11.61,0.76,13.7,14.440651073892166
1935-10-31,11.92,0.76,13.7,14.851862494593616
1935-11-30,13.04,0.76,13.8,16.159192714615333
1935-12-31,13.04,0.76,13.8,16.193253807543897
1936-01-31,13.76,0.77,13.8,17.121541009138472
1936-02-29,14.55,0.78,13.8,18.138795047396936
1936-03-31,14.86,0.79,13.7,18.693839719364995
1936-04-30,14.88,0.82,13.7,18.745412681874395
1936-05-31,14.09,0.85,13.7,17.770527213221065
1936-06-30,14.69,0.88,13.8,18.410419736759792
1936-07-31,15.56,0.9,13.9,19.378164429081533
1936-08-31,15.87,0.92,14.0,19.639272569531137
1936-09-30,16.05,0.94,14.0,19.87300913162562
1936-10-31,16.89,0.966667,14.0,20.917686440662326
1936-11-30,17.36,0.993333,14.0,21.4971582178182
1936-12-31,17.06,1.02,14.0,21.117119356830727
1937-01-31,17.59,1.05,14.1,21.605513921250292
1937-02-28,18.11,1.08,14.1,22.223066970277053
1937-03-31,18.09,1.11,14.2,22.015715155562734
1937-04-30,17.01,1.13,14.3,20.527519072308625
1937-05-31,16.25,1.15,14.4,19.441462554727018
1937-06-30,15.64,1.17,14.4,18.672818620286908
1937-07-31,16.57,1.18667,14.5,19.60583639827972
1937-08-31,16.74,1.20333,14.5,19.76190801323039
1937-09-30,14.37,1.22,14.6,16.805948541466268
1937-10-31,12.28,1.19,14.6,14.328123157928747
1937-11-30,11.2,1.16,14.5,13.129783739133401
1937-12-31,11.02,1.13,14.4,12.98216675793497
1938-01-31,11.31,1.07667,14.2,13.491758716732058
1938-02-28,11.04,1.02333,14.1,13.253660526776182
1938-03-31,10.31,0.97,14.1,12.377349234082752
1938-04-30,9.89,0.903333,14.2,11.80043810323934
1938-05-31,9.98,0.836667,14.1,12.012133570198383
1938-06-30,10.21,0.77,14.1,12.320673942695588
1938-07-31,12.24,0.72,14.1,14.818840243239435
1938-08-31,12.31,0.67,14.1,14.9630203030943
1938-09-30,11.75,0.62,14.1,14.347630615535232
1938-10-31,13.06,0.626667,14.0,16.137215586636923
1938-11-30,13.07,0.633333,14.0,16.228309820145917
1938-12-31,12.69,0.64,14.0,15.836748853965258
1939-01-31,12.5,0.663333,14.0,15.678232093351903
1939-02-28,12.4,0.686667,13.9,15.74191883905217
1939-03-31,12.39,0.71,13.9,15.807114312398177
1939-04-30,10.83,0.726667,13.8,13.986351423089369
1939-05-31,11.23,0.743333,13.8,14.574269360308863
1939-06-30,11.43,0.76,13.8,14.905805995017761
1939-07-31,11.71,0.776667,13.8,15.342821857923829
1939-08-31,11.54,0.793333,13.8,15.191326410892245
1939-09-30,12.77,0.81,14.1,16.53359170522937
1939-10-31,12.9,0.84,14.0,16.90056643869863
1939-11-30,12.67,0.87,14.0,16.675249107458864
1939-12-31,12.37,0.9,14.0,16.35403626916389
1940-01-31,12.3,0.93,13.9,16.439707507325455
1940-02-29,12.22,0.96,14.0,16.26608354328086
1940-03-31,12.15,0.99,14.0,16.210881238110407
1940-04-30,12.27,1.00667,14.0,16.39720550238232
1940-05-31,10.58,1.02333,14.0,14.152808867030165
1940-06-30,9.67,1.04,14.1,12.849835645882601
1940-07-31,9.99,1.05333,14.0,13.368382346077691
1940-08-31,10.2,1.06667,14.0,13.639830151075303
1940-09-30,10.63,1.08,14.0,14.194755464548527
1940-10-31,10.73,1.07,14.0,14.30343129683365
1940-11-30,10.98,1.06,14.0,14.60639475926317
1940-12-31,10.53,1.05,14.1,13.877799674077938
1941-01-31,10.55,1.05333,14.1,13.870682694731627
1941-02-28,9.89,1.05667,14.1,12.96892533854328
1941-03-31,9.95,1.06,14.2,12.91941562321225
1941-04-30,9.64,1.07,14.3,12.391318135370987
1941-05-31,9.43,1.08,14.4,11.997867884075484
1941-06-30,9.76,1.09,14.7,12.123895094785095
1941-07-31,10.26,1.12333,14.7,12.694605257820898
1941-08-31,10.21,1.15667,14.9,12.408099187341795
1941-09-30,10.24,1.19,15.1,12.220459229931173
1941-10-31,9.83,1.18,15.3,11.52217289926467
1941-11-30,9.37,1.17,15.4,10.859028489636529
1941-12-31,8.76,1.16,15.5,10.03724407294075
1942-01-31,8.93,1.12,15.7,10.057258440133163
1942-02-28,8.65,1.08,15.8,9.641254092245044
1942-03-31,8.18,1.04,16.0,8.970514893000312
1942-04-30,7.84,1.02,16.1,8.514044543944905
1942-05-31,7.93,1.0,16.3,8.477823942754881
1942-06-30,8.33,0.98,16.3,8.876296507489018
1942-07-31,8.64,0.966667,16.4,9.120560305948255
1942-08-31,8.59,0.953333,16.5,8.98370487559922
1942-09-30,8.68,0.94,16.5,9.048369520608734
1942-10-31,9.32,0.97,16.7,9.565239465380301
1942-11-30,9.47,1.0,16.8,9.623948389554252
1942-12-31,9.52,1.03,16.9,9.577114546928982
1943-01-31,10.09,1.04333,16.9,10.107917532439904
1943-02-28,10.69,1.05667,16.9,10.66407642272445
1943-03-31,11.07,1.07,17.2,10.806400704478154
1943-04-30,11.44,1.08,17.4,10.995019495194748
1943-05-31,11.89,1.09,17.5,11.316867397595464
1943-06-30,12.1,1.1,17.5,11.469949691052442
1943-07-31,12.35,1.09333,17.4,11.72525986975016
1943-08-31,11.74,1.08667,17.3,11.16407376810073
1943-09-30,11.99,1.08,17.4,11.290921943171643
1943-10-31,11.88,1.03333,17.4,11.147103268778189
1943-11-30,11.33,0.986667,17.4,10.597063796232172
1943-12-31,11.48,0.94,17.4,10.707316331684503
1944-01-31,11.85,0.936667,17.4,11.022331250597956
1944-02-29,11.77,0.933333,17.4,10.918565199921208
1944-03-31,12.1,0.93,17.4,11.195439861129763
1944-04-30,11.89,0.926667,17.5,10.911027452765643
1944-05-31,12.1,0.923333,17.5,11.076883308776738
1944-06-30,12.67,0.92,17.6,11.505794959356543
1944-07-31,13.0,0.913333,17.7,11.712900215825126
1944-08-31,12.81,0.906667,17.7,11.517369927774745
1944-09-30,12.6,0.9,17.7,11.304967106670562
1944-10-31,12.91,0.91,17.7,11.559041204906102
1944-11-30,12.82,0.92,17.7,11.454267655450327
1944-12-31,13.1,0.93,17.8,11.614682806632434
1945-01-31,13.49,0.94,17.8,11.943346869801534
1945-02-28,13.94,0.95,17.8,12.33215690888494
1945-03-31,13.93,0.96,17.8,12.322262647431625
1945-04-30,14.28,0.973333,17.8,12.632114722911192
1945-05-31,14.82,0.986667,17.9,13.039370388137772
1945-06-30,15.09,1.0,18.1,13.136905223613546
1945-07-31,14.78,0.996667,18.1,12.871833792997611
1945-08-31,14.83,0.993333,18.1,12.918451340530577
1945-09-30,15.84,0.99,18.1,13.799676168375685
1945-10-31,16.5,0.98,18.1,14.377176873296177
1945-11-30,17.04,0.97,18.1,14.850593840229013
1945-12-31,17.33,0.96,18.2,15.02493994842451
1946-01-31,18.02,0.94,18.2,15.631690791575501
1946-02-28,18.07,0.92,18.1,15.773480901856482
1946-03-31,17.53,0.9,18.3,15.151798339450027
1946-04-30,18.66,0.88,18.4,16.06631415892518
1946-05-31,18.7,0.86,18.5,16.046681174503878
1946-06-30,18.58,0.84,18.7,15.812615418826363
1946-07-31,18.05,0.856667,19.8,14.549588317634624
1946-08-31,17.7,0.873333,20.2,14.026877951424227
1946-09-30,15.09,0.89,20.4,11.878530132320106
1946-10-31,14.75,0.946667,20.8,11.423580817200753
1946-11-30,14.69,1.00333,21.3,11.145725434240795
1946-12-31,15.13,1.06,21.5,11.408971304704092
1947-01-31,15.21,1.13,21.5,11.503347368931998
1947-02-28,15.8,1.2,21.5,11.983310515589904
1947-03-31,15.16,1.27,21.9,11.31893896685705
1947-04-30,14.6,1.32667,21.9,10.928287614773547
1947-05-31,14.34,1.38333,21.9,10.758209940897228
1947-06-30,14.84,1.44,22.0,11.10673581630682
1947-07-31,15.77,1.47667,22.2,11.72108967192262
1947-08-31,15.46,1.51333,22.5,11.36204603708493
1947-09-30,15.06,1.55,23.0,10.851643389248357
1947-10-31,15.45,1.57,23.0,11.153065109758945
1947-11-30,15.27,1.59,23.1,10.992394155694862
1947-12-31,15.03,1.61,23.4,10.695242570519248
1948-01-31,14.83,1.64333,23.7,10.428724201013237
1948-02-29,14.1,1.67667,23.5,10.001468234771677
1948-03-31,14.3,1.71,23.4,10.180624233023252
1948-04-30,15.4,1.76,23.8,10.764041144782764
1948-05-31,16.15,1.81,23.9,11.21554332826389
1948-06-30,16.82,1.86,24.1,11.547848840180146
1948-07-31,16.42,1.93,24.4,11.09174673917644
1948-08-31,15.94,2.0,24.5,10.673543033567425
1948-09-30,15.76,2.07,24.5,10.494879403152037
1948-10-31,16.19,2.14333,24.4,10.762374414799142
1948-11-30,15.29,2.21667,24.2,10.184278347005858
1948-12-31,15.19,2.29,24.1,10.092807356367485
1949-01-31,15.36,2.32,24.0,10.181325733592628
1949-02-28,14.77,2.35,23.8,9.808362233107205
1949-03-31,14.91,2.38,23.8,9.837944035417873
1949-04-30,14.89,2.38667,23.9,9.723574539004765
1949-05-31,14.78,2.39333,23.8,9.633786610598344
1949-06-30,13.97,2.4,23.9,9.014872428291342
1949-07-31,14.76,2.39667,23.7,9.549995613286798
1949-08-31,15.29,2.39333,23.8,9.797423322388482
1949-09-30,15.49,2.39,23.9,9.83088348814637
1949-10-31,15.89,2.36667,23.7,10.118868300235626
1949-11-30,16.11,2.34333,23.8,10.169412304337447
1949-12-31,16.54,2.32,23.6,10.48467516537225
1950-01-31,16.88,2.33667,23.5,10.702335935295217
1950-02-28,17.21,2.35333,23.5,10.868959215122798
1950-03-31,17.35,2.37,23.6,10.871001949360327
1950-04-30,17.84,2.42667,23.6,11.135593489107809
1950-05-31,18.44,2.48333,23.7,11.41713262339409
1950-06-30,18.74,2.54,23.8,11.507739725284637
1950-07-31,17.38,2.6,24.1,10.498005662669414
1950-08-31,18.43,2.66,24.3,10.996225723972017
1950-09-30,19.08,2.72,24.4,11.290556720624132
1950-10-31,19.87,2.76,24.6,11.612469681878656
1950-11-30,19.83,2.8,24.7,11.490349131025663
1950-12-31,19.75,2.84,25.0,11.254140355405191
1951-01-31,21.21,2.83667,25.4,11.843771015098467
1951-02-28,22.0,2.83333,25.7,12.091052372105118
1951-03-31,21.63,2.83,25.8,11.792985053509394
1951-04-30,21.92,2.79333,25.8,11.904428567023311
1951-05-31,21.93,2.75667,25.9,11.820488645687334
1951-06-30,21.55,2.72,25.9,11.574099247262462
1951-07-31,21.93,2.65,25.9,11.742934496081386
1951-08-31,22.89,2.58,25.9,12.22592450277734
1951-09-30,23.48,2.51,26.1,12.420096368721659
1951-10-31,23.36,2.48667,26.2,12.284319531870265
1951-11-30,22.71,2.46333,26.4,11.828489634019363
1951-12-31,23.41,2.44,26.5,12.123128098582617
1952-01-31,24.19,2.42667,26.5,12.498138055063032
1952-02-29,23.75,2.41333,26.3,12.33118661593957
1952-03-31,23.81,2.4,26.3,12.325515272618494
1952-04-30,23.74,2.38,26.4,12.205620135212564
1952-05-31,23.73,2.36,26.4,12.16190011264253
1952-06-30,24.38,2.34,26.5,12.408456500027379
1952-07-31,25.08,2.34667,26.7,12.628027250481408
1952-08-31,25.18,2.35333,26.7,12.63539921526692
1952-09-30,24.78,2.36,26.7,12.391208927628224
1952-10-31,24.26,2.37333,26.7,12.089747363619711
1952-11-30,25.03,2.38667,26.7,12.432301328080616
1952-12-31,26.04,2.4,26.7,12.892728216327379
1953-01-31,26.18,2.41,26.6,12.969530969847536
1953-02-28,25.86,2.42,26.5,12.818811572499532
1953-03-31,25.99,2.43,26.6,12.794002379184004
1953-04-30,24.71,2.45667,26.6,12.123833472162158
1953-05-31,24.84,2.48333,26.7,12.10153459884757
1953-06-30,23.95,2.51,26.8,11.58572784706359
1953-07-31,24.29,2.52333,26.8,11.710577654913012
1953-08-31,24.39,2.53667,26.9,11.675493374458219
1953-09-30,23.27,2.55,26.9,11.100366619623072
1953-10-31,23.97,2.53667,27.0,11.34998488381049
1953-11-30,24.5,2.52333,26.9,11.598228151778846
1953-12-31,24.83,2.51,26.9,11.705648596970068
1954-01-31,25.46,2.52333,26.9,11.95216127129593
1954-02-28,26.02,2.53667,26.9,12.163008648131093
1954-03-31,26.57,2.55,26.9,12.366525724333046
1954-04-30,27.63,2.57333,26.8,12.850127353078852
1954-05-31,28.73,2.59667,26.9,13.251797721413093
1954-06-30,28.96,2.62,26.9,13.295849883190996
1954-07-31,30.13,2.62333,26.9,13.767941588830752
1954-08-31,30.73,2.62667,26.9,13.975656492987905
1954-09-30,31.45,2.63,26.8,14.287596158443947
1954-10-31,32.18,2.67667,26.8,14.547700072471251
1954-11-30,33.44,2.72333,26.8,15.041925521079614
1954-12-31,34.97,2.77,26.7,15.70779813966447
1955-01-31,35.6,2.83333,26.7,15.906037632213684
1955-02-28,36.79,2.89667,26.7,16.34814848126947
1955-03-31,36.5,2.96,26.7,16.128501904775373
1955-04-30,37.76,3.04667,26.7,16.588347435033366
1955-05-31,37.6,3.13333,26.7,16.418186471192556
1955-06-30,39.78,3.22,26.7,17.26050205320382
1955-07-31,42.69,3.29333,26.8,18.333988138286795
1955-08-31,42.43,3.36667,26.8,18.09951834204508
1955-09-30,44.34,3.44,26.9,18.71348671340251
1955-10-31,42.11,3.5,26.9,17.64550392945971
1955-11-30,44.95,3.56,26.9,18.69724953167651
1955-12-31,45.37,3.62,26.8,18.79806566107486
1956-01-31,44.15,3.64333,26.8,18.15100286715939
1956-02-29,44.43,3.66667,26.8,18.123033579951514
1956-03-31,47.49,3.69,26.8,19.21627450175888
1956-04-30,48.05,3.66,26.9,19.217362389480382
1956-05-31,46.54,3.63,27.0,18.39941223887076
1956-06-30,46.27,3.6,27.2,18.018029839669218
1956-07-31,48.78,3.55333,27.4,18.714051150596628
1956-08-31,48.49,3.50667,27.3,18.532596912129247
1956-09-30,46.84,3.46,27.4,17.7093751524403
1956-10-31,46.24,3.44333,27.5,17.2999237198796
1956-11-30,45.76,3.42667,27.5,17.00732790058573
1956-12-31,46.44,3.41,27.6,17.089449853556527
1957-01-31,45.43,3.40667,27.6,16.61809749456269
1957-02-28,43.47,3.40333,27.7,15.754858200461195
1957-03-31,44.03,3.4,27.8,15.815325108908125
1957-04-30,45.05,3.40667,27.9,16.04157717539181
1957-05-31,46.78,3.41333,28.0,16.517785411150133
1957-06-30,47.55,3.42,28.1,16.652738888073245
1957-07-31,48.51,3.43667,28.3,16.793246330840493
1957-08-31,45.84,3.45333,28.3,15.798305197226645
1957-09-30,43.98,3.47,28.3,15.089545987087435
1957-10-31,41.24,3.43667,28.3,14.088831107541651
1957-11-30,40.35,3.40333,28.4,13.680026740350566
1957-12-31,40.33,3.37,28.4,13.61876345497771
1958-01-31,41.12,3.29333,28.6,13.738132592600229
1958-02-28,41.26,3.21667,28.6,13.739914774892672
1958-03-31,42.11,3.14,28.8,13.885968962226853
1958-04-30,42.34,3.07,28.9,13.878049179918692
1958-05-31,43.7,3.0,28.9,14.292151455206454
1958-06-30,44.75,2.93,28.9,14.607705135821199
1958-07-31,45.98,2.91333,29.0,14.932380875770168
1958-08-31,47.7,2.89667,28.9,15.521910455090453
1958-09-30,48.96,2.88,28.9,15.913012170261293
1958-10-31,50.95,2.88333,28.9,16.544356521813988
1958-11-30,52.5,2.88667,29.0,16.9783380152317
1958-12-31,53.49,2.89,28.9,17.351604991511095
1959-01-31,55.62,2.96333,29.0,17.972592810924517
1959-02-28,54.77,3.03667,28.9,17.750387303725933
1959-03-31,56.16,3.11,28.9,18.19006395952625
1959-04-30,57.1,3.20667,29.0,18.415362218785845
1959-05-31,57.96,3.30333,29.0,18.673295005570658
1959-06-30,57.46,3.4,29.1,18.425035866577968
1959-07-31,59.74,3.41,29.2,19.067322045427904
1959-08-31,59.4,3.42,29.2,18.934446682670714
1959-09-30,57.05,3.43,29.3,18.099333539477016
1959-10-31,57.0,3.41667,29.4,17.999160937314382
1959-11-30,57.23,3.40333,29.4,18.04763358288559
1959-12-31,59.06,3.39,29.4,18.60029704011715
1960-01-31,58.03,3.39,29.3,18.315296470911914
1960-02-29,55.78,3.39,29.4,17.52479527064205
1960-03-31,55.02,3.39,29.4,17.26624141113773
1960-04-30,55.73,3.34667,29.5,17.41554484521019
1960-05-31,55.22,3.30333,29.5,17.24663712929133
1960-06-30,57.26,3.26,29.6,17.818695176184562
1960-07-31,55.84,3.26333,29.6,17.37365408122487
1960-08-31,56.51,3.26667,29.6,17.580904836460068
1960-09-30,54.81,3.27,29.6,17.053327343066172
1960-10-31,53.73,3.27,29.8,16.60824468268385
1960-11-30,55.47,3.27,29.8,17.1508658197113
1960-12-31,56.8,3.27,29.8,17.567308855189278
1961-01-31,59.72,3.21,29.8,18.47603901943667
1961-02-28,62.17,3.15,29.8,19.24072809116264
1961-03-31,64.12,3.09,29.8,19.853378271386855
1961-04-30,65.83,3.07,29.8,20.391072007432538
1961-05-31,66.5,3.05,29.8,20.60508332339055
1961-06-30,65.62,3.03,29.8,20.337643612427524
1961-07-31,65.44,3.03667,30.0,20.148340662418565
1961-08-31,67.79,3.04333,29.9,20.93819162242776
1961-09-30,67.26,3.05,30.0,20.696485718888024
1961-10-31,68.0,3.09667,30.0,20.91082055561702
1961-11-30,71.08,3.14333,30.0,21.838701038486352
1961-12-31,71.74,3.19,30.0,22.017367867917937
1962-01-31,69.07,3.25,30.0,21.170705878760096
1962-02-28,70.22,3.31,30.1,21.421803879384147
1962-03-31,70.29,3.37,30.1,21.40923786298357
1962-04-30,68.05,3.40333,30.2,20.62282041985772
1962-05-31,62.99,3.43667,30.2,19.053904596611133
1962-06-30,55.63,3.47,30.2,16.79356625489157
1962-07-31,56.97,3.49,30.3,17.10585837475502
1962-08-31,58.52,3.51,30.3,17.534436072055456
1962-09-30,58.0,3.53,30.4,17.285198791851116
1962-10-31,56.17,3.57667,30.4,16.70354578805887
1962-11-30,60.04,3.62333,30.4,17.814393367674473
1962-12-31,62.64,3.67,30.4,18.542856951512967
1963-01-31,65.06,3.68333,30.4,19.215193971590136
1963-02-28,65.92,3.69667,30.4,19.4251817177271
1963-03-31,65.67,3.71,30.5,19.244554570016955
1963-04-30,68.76,3.75333,30.5,20.10410042877305
1963-05-31,70.14,3.79667,30.5,20.45973422812444
1963-06-30,70.11,3.84,30.6,20.33615391555248
1963-07-31,69.07,3.88,30.7,19.921739923773544
1963-08-31,70.98,3.92,30.7,20.422324766482486
1963-09-30,72.85,3.96,30.7,20.90773510876678
1963-10-31,73.03,3.98,30.8,20.83738313770117
1963-11-30,72.62,4.0,30.8,20.665815711284584
1963-12-31,74.17,4.02,30.9,20.982218774755726
1964-01-31,76.45,4.07333,30.9,21.567485265564084
1964-02-29,77.39,4.12667,30.9,21.770598171309597
1964-03-31,78.8,4.18,30.9,22.10243611427682
1964-04-30,79.94,4.23,30.9,22.356194273029395
1964-05-31,80.72,4.28,30.9,22.50629049681485
1964-06-30,80.24,4.33,31.0,22.23280019318159
1964-07-31,83.22,4.37667,31.1,22.913486684365676
1964-08-31,82.0,4.42333,31.0,22.57783916378389
1964-09-30,83.41,4.47,31.1,22.818218290101704
1964-10-31,84.85,4.49667,31.1,23.138803861026716
1964-11-30,85.44,4.52333,31.2,23.1540616839798
1964-12-31,83.96,4.55,31.2,22.685710328358223
1965-01-31,86.12,4.59333,31.2,23.20233452045355
1965-02-28,86.75,4.63667,31.2,23.30656565265668
1965-03-31,86.83,4.68,31.3,23.190902258542852
1965-04-30,87.97,4.73333,31.4,23.36093040916874
1965-05-31,89.28,4.78667,31.4,23.651142111414813
1965-06-30,85.04,4.84,31.6,22.334924941742013
1965-07-31,84.91,4.88667,31.6,22.251909694078353
1965-08-31,86.49,4.93333,31.6,22.61837054675867
1965-09-30,89.38,4.98,31.6,23.32641491794656
1965-10-31,91.39,5.05,31.7,23.72813776569085
1965-11-30,92.15,5.12,31.7,23.87768576760377
1965-12-31,91.73,5.19,31.8,23.648571380410704
1966-01-31,93.32,5.24,31.8,24.011182559303652
1966-02-28,92.69,5.29,32.0,23.654067004178376
1966-03-31,88.88,5.34,32.1,22.567085164263087
1966-04-30,91.6,5.38,32.3,23.06590807411269
1966-05-31,86.78,5.42,32.3,21.80288300211118
1966-06-30,86.06,5.46,32.4,21.502663378065886
1966-07-31,85.84,5.47667,32.5,21.325839439687883
1966-08-31,80.65,5.49333,32.7,19.861061426707373
1966-09-30,77.81,5.51,32.7,19.107534756915896
1966-10-31,77.13,5.52333,32.9,18.771808939079904
1966-11-30,80.99,5.53667,32.9,19.653965440042068
1966-12-31,81.33,5.55,32.9,19.677374210272394
1967-01-31,84.45,5.51667,32.9,20.37244419840481
1967-02-28,87.36,5.48333,32.9,21.013565436490353
1967-03-31,89.42,5.45,33.0,21.383472536881573
1967-04-30,90.96,5.41,33.1,21.627227827211637
1967-05-31,92.59,5.37,33.2,21.891275140736713
1967-06-30,91.43,5.33,33.3,21.49816495418931
1967-07-31,93.01,5.32,33.4,21.750487436053998
1967-08-31,94.49,5.31,33.5,21.978438396491896
1967-09-30,95.81,5.3,33.6,22.168585464387565
1967-10-31,95.66,5.31,33.7,22.016664392634645
1967-11-30,92.66,5.32,33.8,21.211606293181813
1967-12-31,95.3,5.33,33.9,21.697643702383843
1968-01-31,95.04,5.36667,34.1,21.453266319249227
1968-02-29,90.75,5.40333,34.2,20.36552637063733
1968-03-31,89.09,5.44,34.3,19.87170666897207
1968-04-30,95.67,5.48333,34.4,21.205470759997958
1968-05-31,97.87,5.52667,34.5,21.553005864687645
1968-06-30,100.5,5.57,34.7,21.92254498998539
1968-07-31,100.3,5.6,34.9,21.67152019267172
1968-08-31,98.11,5.63,35.0,21.05754327108198
1968-09-30,101.3,5.66,35.1,21.59699341479937
1968-10-31,103.8,5.69333,35.3,21.920517563141942
1968-11-30,105.4,5.72667,35.4,22.110054743115224
1968-12-31,106.5,5.76,35.5,22.192378335098788
1969-01-31,102.0,5.78,35.6,21.11663455750722
1969-02-28,101.5,5.8,35.8,20.8229146398902
1969-03-31,99.3,5.82,36.1,20.13622257085912
1969-04-30,101.3,5.82667,36.3,20.366561680969653
1969-05-31,104.6,5.83333,36.4,20.913307295930263
1969-06-30,99.14,5.84,36.6,19.662394061460013
1969-07-31,94.71,5.85667,36.8,18.633952156052146
1969-08-31,94.18,5.87333,37.0,18.383356823649788
1969-09-30,94.51,5.89,37.1,18.351993489962798
1969-10-31,95.52,5.85333,37.3,18.403680906730585
1969-11-30,96.21,5.81667,37.5,18.39441028732876
1969-12-31,91.11,5.78,37.7,17.28767042671596
1970-01-31,90.31,5.73,37.8,17.054057333117058
1970-02-28,87.16,5.68,38.0,16.339378082142975
1970-03-31,88.65,5.63,38.2,16.5002717683028
1970-04-30,85.95,5.59333,38.5,15.843183742089629
1970-05-31,76.06,5.55667,38.6,13.957440451397922
1970-06-30,75.59,5.52,38.8,13.77356705910886
1970-07-31,75.72,5.46667,39.0,13.702343011463881
1970-08-31,77.92,5.41333,39.0,14.076908835050753
1970-09-30,82.58,5.36,39.2,14.819810023023903
1970-10-31,84.37,5.28333,39.4,15.04270059943181
1970-11-30,84.28,5.20667,39.6,14.931750112475239
1970-12-31,90.05,5.13,39.8,15.856075993276818
1971-01-31,93.49,5.16,39.8,16.440737930004545
1971-02-28,97.11,5.19,39.9,17.010355931838752
1971-03-31,99.6,5.22,40.0,17.375771884643875
1971-04-30,103.0,5.25333,40.1,17.894987886755597
1971-05-31,101.6,5.28667,40.3,17.534799685674848
1971-06-30,99.72,5.32,40.6,17.054148901418547
1971-07-31,99.0,5.35667,40.7,16.859766961345386
1971-08-31,97.24,5.39333,40.8,16.490488001524877
1971-09-30,99.4,5.43,40.8,16.826307690767717
1971-10-31,97.29,5.52,40.9,16.398904442115107
1971-11-30,92.78,5.61,40.9,15.609669639584403
1971-12-31,99.17,5.7,41.1,16.572811155488658
1972-01-31,103.3,5.73667,41.1,17.232179301113298
1972-02-29,105.2,5.77333,41.3,17.434440243019004
1972-03-31,107.7,5.81,41.4,17.776869955982715
1972-04-30,108.8,5.86333,41.5,17.886039917795355
1972-05-31,107.7,5.91667,41.6,17.634143047130497
1972-06-30,108.0,5.97,41.7,17.612600694572656
1972-07-31,107.2,6.02667,41.9,17.370484264848823
1972-08-31,111.0,6.08333,42.0,17.914012298949594
1972-09-30,109.4,6.14,42.1,17.584330033458144
1972-10-31,109.6,6.23333,42.3,17.503861848211994
1972-11-30,115.1,6.32667,42.4,18.307948229779996
1972-12-31,117.5,6.42,42.5,18.613984748426535
1973-01-31,118.4,6.54667,42.6,18.678455069057822
1973-02-28,114.2,6.67333,42.9,17.85593509244323
1973-03-31,112.4,6.8,43.3,17.377751041625153
1973-04-30,110.3,6.94333,43.6,16.901616140606677
1973-05-31,107.2,7.08667,43.9,16.280849214350944
1973-06-30,104.8,7.23,44.2,15.774943441553532
1973-07-31,105.8,7.38333,44.3,15.854110451484198
1973-08-31,103.8,7.53667,45.1,15.245253369113934
1973-09-30,105.6,7.69,45.2,15.44024330105128
1973-10-31,109.8,7.84667,45.6,15.876045380291647
1973-11-30,102.0,8.00333,45.9,14.616112904802046
1973-12-31,94.78,8.16,46.2,13.459007526395212
1974-01-31,96.11,8.22667,46.6,13.49772516044555
1974-02-28,93.45,8.29333,47.2,12.927598888202727
1974-03-31,97.44,8.36,47.8,13.281730904181934
1974-04-30,92.46,8.48667,48.0,12.523272291758406
1974-05-31,89.67,8.61333,48.6,11.97032737352581
1974-06-30,89.79,8.74,49.0,11.863682846025437
1974-07-31,79.31,8.86333,49.4,10.372489907860901
1974-08-31,76.03,8.98667,50.0,9.804640355999856
1974-09-30,68.12,9.11,50.6,8.663518784548115
1974-10-31,69.44,9.03667,51.1,8.729883040119349
1974-11-30,71.74,8.96333,51.5,8.935080734540133
1974-12-31,67.07,8.89,51.9,8.277795983021655
1975-01-31,72.56,8.74333,52.1,8.911198487630516
1975-02-28,80.1,8.59667,52.5,9.754374923099839
1975-03-31,83.78,8.45,52.7,10.157940652486289
1975-04-30,84.72,8.28667,52.9,10.22985972261757
1975-05-31,90.1,8.12333,53.2,10.81799374567024
1975-06-30,92.4,7.96,53.6,11.014084943217473
1975-07-31,92.49,7.89333,54.2,10.907998670536044
1975-08-31,85.71,7.82667,54.3,10.096212779034161
1975-09-30,84.67,7.76,54.6,9.927091304727403
1975-10-31,88.57,7.82667,54.9,10.336832775506041
1975-11-30,90.07,7.89333,55.3,10.446333093549391
1975-12-31,88.7,7.96,55.5,10.26121875653556
1976-01-31,96.86,8.19333,55.6,11.195484714605486
1976-02-29,100.6,8.42667,55.8,11.594970762230592
1976-03-31,101.1,8.66,55.9,11.638887804395587
1976-04-30,101.9,8.85667,56.1,11.694614485551003
1976-05-31,101.2,9.05333,56.5,11.53673674079777
1976-06-30,101.8,9.25,56.8,11.547353674347633
1976-07-31,104.2,9.35,57.1,11.760499339635807
1976-08-31,103.3,9.45,57.4,11.600077716702893
1976-09-30,105.5,9.55,57.6,11.807705260447968
1976-10-31,101.9,9.67,57.9,11.346226611708577
1976-11-30,101.2,9.79,58.0,11.248550517935856
1976-12-31,104.7,9.91,58.2,11.596604187110824
1977-01-31,103.8,9.96667,58.5,11.436308461043911
1977-02-28,101.0,10.0233,59.1,11.01310725525649
1977-03-31,100.6,10.08,59.5,10.89325428572739
1977-04-30,99.05,10.1933,60.0,10.632358698175421
1977-05-31,98.76,10.3067,60.3,10.54329380196878
1977-06-30,99.29,10.42,60.7,10.523473180741783
1977-07-31,100.2,10.5167,61.0,10.560262516595838
1977-08-31,97.75,10.6133,61.2,10.26018856046844
1977-09-30,96.23,10.71,61.4,10.058754924249852
1977-10-31,93.74,10.77,61.6,9.757653055589493
1977-11-30,94.28,10.83,61.9,9.757143150795464
1977-12-31,93.82,10.89,62.1,9.66890580960131
1978-01-31,90.25,10.9,62.5,9.233081383395614
1978-02-28,88.98,10.91,62.9,9.037819508381858
1978-03-31,88.82,10.92,63.4,8.943925414954338
1978-04-30,92.71,11.0233,63.9,9.256133063933236
1978-05-31,97.41,11.1267,64.5,9.628607360486798
1978-06-30,97.66,11.23,65.2,9.54373600283049
1978-07-31,97.19,11.3433,65.7,9.419425070916335
1978-08-31,103.9,11.4567,66.0,10.017204802345349
1978-09-30,103.9,11.57,66.5,9.935180205210981
1978-10-31,100.6,11.8233,67.1,9.526076804518581
1978-11-30,94.71,12.0767,67.4,8.920196281650593
1978-12-31,96.11,12.33,67.7,9.002477402723507
1979-01-31,99.71,12.6533,68.3,9.246446884471537
1979-02-28,98.23,12.9767,69.1,8.99150347478248
1979-03-31,100.1,13.3,69.8,9.056785752250368
1979-04-30,102.1,13.5267,70.6,9.118148345169727
1979-05-31,99.73,13.7533,71.5,8.779576887958234
1979-06-30,101.7,13.98,72.3,8.838269071855775
1979-07-31,102.7,14.1967,73.1,8.811322292642664
1979-08-31,107.4,14.4133,73.8,9.109757288397812
1979-09-30,108.6,14.63,74.6,9.095037440040118
1979-10-31,104.5,14.7067,75.2,8.664411923501872
1979-11-30,103.7,14.7833,75.9,8.501264888354534
1979-12-31,107.8,14.86,76.7,8.72691124112025
1980-01-31,110.9,15.0033,77.8,8.832079536722738
1980-02-29,115.3,15.1467,78.9,9.034650462330234
1980-03-31,104.7,15.29,80.1,8.063078750732975
1980-04-30,103.0,15.1733,81.0,7.827108235701001
1980-05-31,107.7,15.0567,81.8,8.087585486447392
1980-06-30,114.6,14.94,82.7,8.495385554491682
1980-07-31,119.8,14.84,82.7,8.863082781293642
1980-08-31,123.5,14.74,83.3,9.053397200148456
1980-09-30,126.5,14.64,84.0,9.178501250527837
1980-10-31,130.2,14.7,84.8,9.339221112703555
1980-11-30,135.7,14.76,85.5,9.63394863660169
1980-12-31,133.5,14.82,86.3,9.369601924035056
1981-01-31,133.0,14.74,87.0,9.240851539355788
1981-02-28,128.4,14.66,87.9,8.813603392641244
1981-03-31,133.2,14.58,88.5,9.065487200224345
1981-04-30,134.4,14.7233,89.1,9.069973776044815
1981-05-31,131.7,14.8667,89.8,8.803322161102209
1981-06-30,132.3,15.01,90.6,8.750179467031359
1981-07-31,129.1,15.0967,91.6,8.431342666869131
1981-08-31,129.6,15.1833,92.3,8.386298288458587
1981-09-30,118.3,15.27,93.2,7.569576762562146
1981-10-31,119.8,15.3,93.4,7.638191279084369
1981-11-30,122.9,15.33,93.7,7.800516320221228
1981-12-31,123.8,15.36,94.0,7.8229787844935075
1982-01-31,117.3,15.1767,94.3,7.380855345512357
1982-02-28,114.5,14.9933,94.6,7.175188339513156
1982-03-31,110.8,14.81,94.5,6.945053426919607
1982-04-30,116.3,14.5967,94.9,7.254587004240488
1982-05-31,116.4,14.3833,95.8,7.189806554785144
1982-06-30,109.7,14.17,97.0,6.6911715162892085
1982-07-31,109.4,13.9667,97.5,6.638845043666595
1982-08-31,109.7,13.7633,97.7,6.644722799330533
1982-09-30,122.4,13.56,97.9,7.401515380271881
1982-10-31,132.7,13.2533,98.2,8.00473686309664
1982-11-30,138.1,12.9467,98.0,8.354531088599858
1982-12-31,139.4,12.64,97.6,8.476763733999968
1983-01-31,144.3,12.5667,97.8,8.767703751217928
1983-02-28,146.8,12.4933,97.9,8.922840031086036
1983-03-31,151.9,12.42,97.9,9.246667890669636
1983-04-30,157.7,12.4767,98.6,9.547091186791294
1983-05-31,164.1,12.5333,99.2,9.891719399208803
1983-06-30,166.4,12.59,99.5,10.018610398443448
1983-07-31,167.0,12.8267,99.9,10.033646203300602
1983-08-31,162.4,13.0633,100.2,9.745965727266523
1983-09-30,167.2,13.3,100.7,10.003279251303233
1983-10-31,167.7,13.5433,101.0,10.022504916390396
1983-11-30,165.2,13.7867,101.2,9.872518336487348
1983-12-31,164.4,14.03,101.3,9.833905611854322
1984-01-31,166.4,14.44,101.9,9.91236546707482
1984-02-29,157.3,14.85,102.4,9.339026289722344
1984-03-31,157.4,15.26,102.6,9.339125802186338
1984-04-30,157.6,15.5733,103.1,9.317817776331385
1984-05-31,156.6,15.8867,103.4,9.242905599683196
1984-06-30,153.1,16.2,103.7,9.020345743543176
1984-07-31,151.1,16.32,104.1,8.8785399403507
1984-08-31,164.4,16.44,104.5,9.634069852187274
1984-09-30,166.1,16.56,105.0,9.698390717155014
1984-10-31,164.8,16.5867,105.3,9.604553138604048
1984-11-30,166.3,16.6133,105.3,9.700046282240088
1984-12-31,164.5,16.64,105.3,9.601574377858002
1985-01-31,171.6,16.5567,105.5,10.002576523158496
1985-02-28,180.9,16.4733,106.0,10.499421309014307
1985-03-31,179.4,16.39,106.4,10.376568872972827
1985-04-30,180.6,16.13,106.9,10.400190506332434
1985-05-31,184.9,15.87,107.3,10.610728423564291
1985-06-30,188.9,15.61,107.6,10.811954513061629
1985-07-31,192.5,15.4833,107.8,10.998694895671294
1985-08-31,188.3,15.3567,108.0,10.739872483764126
1985-09-30,184.1,15.23,108.3,10.472039196332043
1985-10-31,186.2,15.0233,108.7,10.554875900234492
1985-11-30,197.5,14.8167,109.0,11.168512789555681
1985-12-31,207.3,14.61,109.3,11.696381985448127
1986-01-31,208.2,14.58,109.6,11.723643062837462
1986-02-28,219.4,14.55,109.3,12.399631304037968
1986-03-31,232.3,14.52,108.8,13.203611349258262
1986-04-30,238.0,14.5833,108.6,13.568998590829871
1986-05-31,238.5,14.6467,108.9,13.578078528171584
1986-06-30,245.3,14.71,109.5,13.90917945258434
1986-07-31,240.2,14.7567,109.5,13.640451279667037
1986-08-31,245.0,14.8033,109.7,13.909067193749314
1986-09-30,238.3,14.85,110.2,13.489046874986304
1986-10-31,237.4,14.7267,110.3,13.449337738432028
1986-11-30,245.1,14.6033,110.4,13.899416020642816
1986-12-31,248.6,14.48,110.5,14.114030431388507
1987-01-31,264.5,14.6867,111.2,14.952143527736995
1987-02-28,280.9,14.8933,111.6,15.852334674957216
1987-03-31,292.5,15.1,112.1,16.463335909613967
1987-04-30,289.3,14.8733,112.7,16.228888289848026
1987-05-31,289.1,14.6467,113.1,16.19565527720999
1987-06-30,301.4,14.42,113.5,16.864935782022382
1987-07-31,310.1,14.9,113.8,17.344073913638102
1987-08-31,329.4,15.38,114.4,18.364876603819646
1987-09-30,318.7,15.86,115.0,17.709993794716855
1987-10-31,280.2,16.4067,115.3,15.55701571325311
1987-11-30,245.0,16.9533,115.4,13.611253054085502
1987-12-31,241.0,17.5,115.4,13.406014680643448
1988-01-31,250.5,17.8633,115.7,13.913227258013713
1988-02-29,258.1,18.2267,116.0,14.310780486538034
1988-03-31,265.7,18.59,116.5,14.678914305616
1988-04-30,262.6,19.6167,117.1,14.437178564264094
1988-05-31,256.1,20.6433,117.5,14.029497339291908
1988-06-30,270.7,21.67,118.0,14.757440721138506
1988-07-31,269.1,22.0233,118.5,14.59798777898217
1988-08-31,263.7,22.3767,119.0,14.233925765663036
1988-09-30,268.0,22.73,119.8,14.357326217139937
1988-10-31,277.4,23.0733,120.2,14.798981475160062
1988-11-30,271.0,23.4167,120.3,14.43359635323965
1988-12-31,276.5,23.75,120.5,14.690345962212982
1989-01-31,285.4,24.16,121.1,15.076615301275801
1989-02-28,294.0,24.56,121.6,15.455378943344966
1989-03-31,292.7,24.96,122.3,15.287939066727944
1989-04-30,302.3,25.0467,123.1,15.676837085292105
1989-05-31,313.9,25.1333,123.8,16.177178281583675
1989-06-30,323.7,25.22,124.1,16.63318254856336
1989-07-31,331.9,24.71,124.4,17.009408745458444
1989-08-31,346.6,24.2,124.6,17.735269670703666
1989-09-30,347.3,23.69,125.0,17.720427611063606
1989-10-31,347.4,23.4267,125.6,17.64934275716878
1989-11-30,340.2,23.1633,125.9,17.25226940796601
1989-12-31,348.6,22.87,126.1,17.66184446150528
1990-01-31,339.97,22.49,127.4,17.063664404126005
1990-02-28,330.45,22.08,128.0,16.52524134483006
1990-03-31,338.46,21.67,128.7,16.853985653116762
1990-04-30,338.18,21.5333,128.9,16.83213580504913
1990-05-31,350.25,21.3967,129.2,17.409594204040552
1990-06-30,360.39,21.26,129.9,17.83329648416001
1990-07-31,360.03,21.42,130.4,17.761614011889407
1990-08-31,330.75,21.58,131.6,16.1795837716284
1990-09-30,315.41,21.74,132.7,15.309874449417677
1990-10-31,307.12,21.6067,133.5,14.827301482016386
1990-11-30,315.29,21.4733,133.8,15.197519842987779
1990-12-31,328.75,21.34,133.8,15.856741669819892
1991-01-31,325.49,21.1833,134.6,15.616306644936092
1991-02-28,362.26,21.0267,134.8,17.36475347359389
1991-03-31,372.28,20.94,135.0,17.82786903134132
1991-04-30,379.68,20.3633,135.2,18.16966547603101
1991-05-31,377.99,19.8567,135.6,18.054040324850998
1991-06-30,378.29,19.41,136.0,18.037572253801176
1991-07-31,380.23,18.84,136.2,18.129399913338947
1991-08-31,389.4,18.33,136.6,18.542675752515823
1991-09-30,387.2,17.82,137.2,18.391135364879407
1991-10-31,386.88,17.2033,137.4,18.387738012866507
1991-11-30,385.92,16.5867,137.8,18.332004823843786
1991-12-31,388.51,15.97,137.9,18.48965628730756
1992-01-31,416.08,16.0467,138.1,19.821573185405953
1992-02-29,412.56,16.1233,138.6,19.628353820237542
1992-03-31,407.36,16.19,139.3,19.32656907846208
1992-04-30,407.41,16.4833,139.5,19.339201456614898
1992-05-31,414.81,16.7667,139.7,19.6950141609065
1992-06-30,408.27,17.05,140.2,19.341527048858943
1992-07-31,415.05,17.38,140.5,19.641991664366035
1992-08-31,417.93,17.71,140.9,19.73874112256806
1992-09-30,418.48,18.04,141.3,19.720618044726493
1992-10-31,412.5,18.39,141.8,19.375939938015716
1992-11-30,422.84,18.74,142.0,19.833807247599324
1992-12-31,435.64,19.09,141.9,20.44290695454749
1993-01-31,435.23,19.34,142.6,20.3153728378709
1993-02-28,441.7,19.59,143.1,20.534761608096996
1993-03-31,450.16,19.84,143.6,20.842146194341517
1993-04-30,443.08,19.67,144.0,20.445967458151955
1993-05-31,445.25,19.5,144.2,20.50751584480686
1993-06-30,448.06,19.33,144.4,20.59999791844646
1993-07-31,447.29,19.69,144.4,20.555541900840804
1993-08-31,454.13,20.05,144.8,20.802915502259868
1993-09-30,459.24,20.41,145.1,20.983542179198626
1993-10-31,463.9,20.9,145.7,21.098275405673682
1993-11-30,462.89,21.39,145.8,21.02573845353665
1993-12-31,465.95,21.89,145.8,21.15114739318755
1994-01-31,472.99,22.1567,146.2,21.400357164252036
1994-02-28,471.58,22.4333,146.7,21.254584329330143
1994-03-31,463.81,22.71,147.2,20.827010468605852
1994-04-30,447.23,23.54,147.4,20.04569787865143
1994-05-31,450.9,24.37,147.5,20.18362743125467
1994-06-30,454.83,25.2,148.0,20.275089634667108
1994-07-31,451.4,25.91,148.4,20.048306399206236
1994-08-31,464.24,26.62,149.0,20.511511160919476
1994-09-30,466.96,27.33,149.4,20.548023090686584
1994-10-31,463.81,28.42,149.5,20.359417990611828
1994-11-30,461.01,29.51,149.7,20.166069748172685
1994-12-31,455.19,30.6,149.7,19.861212057318635
1995-01-31,465.25,31.25,150.3,20.163165726224996
1995-02-28,481.92,31.9,150.9,20.739540211359337
1995-03-31,493.15,32.55,151.4,21.083193757148766
1995-04-30,507.91,33.1767,151.9,21.564200215770036
1995-05-31,523.81,33.8033,152.2,22.10727474761482
1995-06-30,539.35,34.43,152.5,22.620643710940787
1995-07-31,557.37,34.68,152.5,23.27249106732633
1995-08-31,559.11,34.93,152.9,23.17798270793799
1995-09-30,578.77,35.18,153.2,23.833954246323135
1995-10-31,582.92,34.7733,153.7,23.81653538938809
1995-11-30,595.53,34.3667,153.6,24.23621803929123
1995-12-31,614.57,33.96,153.5,24.91373305884532
1996-01-31,614.42,33.9867,154.4,24.651135922434356
1996-02-29,649.54,34.0133,154.9,25.860639330163878
1996-03-31,647.07,34.04,155.7,25.518234000017618
1996-04-30,647.17,34.33,156.3,25.313642978315528
1996-05-31,661.23,34.62,156.6,25.700684758468906
1996-06-30,668.5,34.91,156.7,25.850703522318067
1996-07-31,644.07,35.2733,157.0,24.746065987950203
1996-08-31,662.68,35.6367,157.3,25.296040894482083
1996-09-30,674.88,36.0,157.8,25.56068061387898
1996-10-31,701.46,36.91,158.3,26.352678091404595
1996-11-30,735.67,37.82,158.6,27.441204809138075
1996-12-31,743.25,38.73,158.6,27.57014191827157
1997-01-31,766.22,39.2333,159.1,28.174683919196735
1997-02-28,798.39,39.7367,159.6,29.101731954563768
1997-03-31,792.16,40.24,160.0,28.640288297651704
1997-04-30,763.93,40.3433,160.2,27.42669112612696
1997-05-31,833.09,40.4467,160.1,29.75277267038458
1997-06-30,876.29,40.55,160.3,31.070152186803597
1997-07-31,925.29,40.58,160.5,32.57853487934965
1997-08-31,927.24,40.61,160.8,32.406041009983426
1997-09-30,937.02,40.64,161.2,32.49281033849933
1997-10-31,951.16,40.3333,161.6,32.73787755282376
1997-11-30,938.92,40.0267,161.5,32.18602192895742
1997-12-31,962.37,39.72,161.3,32.88725283128162
1998-01-31,963.36,39.66,161.6,32.72314310853313
1998-02-28,1023.74,39.6,161.9,34.57135439870617
1998-03-31,1076.83,39.54,162.2,36.15821279062898
1998-04-30,1112.2,39.35,162.5,37.15109035587124
1998-05-31,1108.42,39.16,162.8,36.84850244790686
1998-06-30,1108.39,38.97,163.0,36.71050914239489
1998-07-31,1156.58,38.6767,163.2,38.17182398168978
1998-08-31,1074.62,38.3833,163.4,35.34904313434991
1998-09-30,1020.64,38.09,163.6,33.46776070055043
1998-10-31,1032.47,37.9633,164.0,33.71353078684748
1998-11-30,1144.43,37.8367,164.0,37.30935454758372
1998-12-31,1190.05,37.71,163.9,38.76330904549439
1999-01-31,1248.77,37.93333333,164.3,40.52039941986778
1999-02-28,1246.58,38.15666667,164.5,40.3464177843026
1999-03-31,1281.66,38.38,165.0,41.3038429295436
1999-04-30,1334.76,39.26,166.2,42.6426162324775
1999-05-31,1332.07,40.14,166.2,42.4843015097809
1999-06-30,1322.55,41.02,166.2,42.09961808594608
1999-07-31,1380.99,42.0,166.7,43.72525634282037
1999-08-31,1327.49,42.98,167.1,41.81486198846957
1999-09-30,1318.17,43.96,167.9,41.19281335304218
1999-10-31,1300.01,45.36333333333334,168.2,40.40589899311803
1999-11-30,1391.0,46.76666666666667,168.3,43.0322634932997
1999-12-31,1428.68,48.17,168.3,43.9977814260076
2000-01-31,1425.59,49.09666666666667,168.8,43.55749411696736
2000-02-29,1388.87,50.02333333333333,169.8,41.965408227371285
2000-03-31,1442.21,50.95,171.2,42.983258153111805
2000-04-30,1461.36,51.27333333333333,171.3,43.28514326899755
2000-05-31,1418.48,51.59666666666667,171.5,41.727432031245
2000-06-30,1461.96,51.92,172.4,42.5360887938712
2000-07-31,1473.0,52.51333333333334,172.8,42.50997668956412
2000-08-31,1485.46,53.10666666666666,172.8,42.61569438219905
2000-09-30,1468.05,53.7,173.7,41.64796944752635
2000-10-31,1390.14,52.46666666666667,174.0,39.14515672409164
2000-11-30,1378.04,51.23333333333333,174.1,38.571440688890036
2000-12-31,1330.93,50.0,174.0,37.08169344490983
2001-01-31,1335.63,48.48,175.1,36.80121657514997
2001-02-28,1305.75,46.96,175.8,35.67525547294162
2001-03-31,1185.85,45.44,176.2,32.19339996685589
2001-04-30,1189.84,42.556666666666665,176.9,32.05894657393531
2001-05-31,1270.37,39.67333333333333,177.7,33.97098250442439
2001-06-30,1238.71,36.79,178.0,32.984985376434324
2001-07-31,1204.45,33.96333333333333,177.5,32.09582667070144
2001-08-31,1178.5,31.136666666666667,177.5,31.353364683745706
2001-09-30,1044.64,28.31,178.3,27.635969167622655
2001-10-31,1076.59,27.103333333333335,177.7,28.546720497475253
2001-11-30,1129.68,25.896666666666665,177.4,29.974960029538675
2001-12-31,1144.93,24.69,176.7,30.471362548216106
2002-01-31,1140.21,24.69333333333333,177.1,30.249659740899563
2002-02-28,1100.67,24.69666666666667,177.8,29.06002193981385
2002-03-31,1153.79,24.7,178.8,30.26617859488122
2002-04-30,1111.93,25.38,179.8,28.979834683470767
2002-05-31,1079.25,26.06,179.8,28.10076211302838
2002-06-30,1014.02,26.74,179.9,26.35987975535685
2002-07-31,903.59,27.84,180.1,23.43491822580422
2002-08-31,912.55,28.939999999999998,180.7,23.557112640636873
2002-09-30,867.81,30.04,181.0,22.33179300791371
2002-10-31,854.63,29.223333333333333,181.3,21.929423255771297
2002-11-30,909.93,28.406666666666666,181.3,23.32605029194778
2002-12-31,899.18,27.59,180.9,23.08536317011995
2003-01-31,895.84,28.5,181.7,22.87955105901969
2003-02-28,837.03,29.41,183.1,21.194656159479088
2003-03-31,846.63,30.32,184.2,21.287970833851745
2003-04-30,890.03,31.73,183.8,22.39678856121322
2003-05-31,935.96,33.13999999999999,183.5,23.549898306554347
2003-06-30,988.0,34.55,183.7,24.78053288892048
2003-07-31,992.54,35.89333333333333,183.9,24.81129339123987
2003-08-31,989.53,37.236666666666665,184.6,24.58268767216852
2003-09-30,1019.44,38.58,185.2,25.178587813369795
2003-10-31,1038.73,41.96666666666667,185.0,25.601367018871315
2003-11-30,1049.9,45.35333333333333,184.5,25.849452132648803
2003-12-31,1080.64,48.74,184.3,26.520399555248275
2004-01-31,1132.52,49.826666666666675,185.2,27.53659615507219
2004-02-29,1143.36,50.913333333333334,186.2,27.52637882976242
2004-03-31,1123.98,52.0,187.4,26.76335587395311
2004-04-30,1133.36,53.38333333333333,188.0,26.77685897253331
2004-05-31,1102.78,54.76666666666667,189.1,25.784092451365098
2004-06-30,1132.76,56.15,189.7,26.279552639680222
2004-07-31,1105.85,56.69,189.4,25.578891095317264
2004-08-31,1088.94,57.23,189.5,25.06160647819469
2004-09-30,1117.66,57.77,189.9,25.55576108838696
2004-10-31,1117.21,58.03,190.9,25.307371012610766
2004-11-30,1168.94,58.29,191.0,26.362657354016985
2004-12-31,1199.21,58.55,190.3,27.04456087594175
2005-01-31,1181.41,59.10666666666666,190.7,26.49058896768913
2005-02-28,1199.63,59.663333333333334,191.8,26.650209894204703
2005-03-31,1194.9,60.22,193.3,26.24915980507139
2005-04-30,1164.43,61.23333333333333,194.6,25.322674430687517
2005-05-31,1178.28,62.24666666666667,194.4,25.56179551126983
2005-06-30,1202.25,63.26,194.5,25.977578341568663
2005-07-31,1222.24,64.33,195.4,26.194469992859073
2005-08-31,1224.27,65.39999999999999,196.4,26.009489965098776
2005-09-30,1225.92,66.47,198.8,25.636772889667046
2005-10-31,1191.96,67.58999999999999,199.2,24.779474340366367
2005-11-30,1237.37,68.71,197.6,25.821306196900768
2005-12-31,1262.07,69.83,196.8,26.322968503387035
2006-01-31,1278.73,70.77666666666666,198.3,26.345427921736338
2006-02-28,1276.65,71.72333333333334,198.7,26.123878412983334
2006-03-31,1293.74,72.67,199.8,26.199042544307275
2006-04-30,1302.17,73.27666666666666,201.5,26.020929336954243
2006-05-31,1290.01,73.88333333333333,202.5,25.527482048391974
2006-06-30,1253.17,74.49,202.9,24.63085843833916
2006-07-31,1260.24,75.85,203.5,24.57586434111221
2006-08-31,1287.15,77.21,203.9,24.92600459497355
2006-09-30,1317.74,78.57,202.9,25.51060592968848
2006-10-31,1363.38,79.55,201.8,26.398883653636542
2006-11-30,1388.64,80.53,201.5,26.787421848970066
2006-12-31,1416.42,81.51,201.8,27.142269988746442
2007-01-31,1424.16,82.05666666666667,202.416,27.06902299298588
2007-02-28,1444.8,82.60333333333334,203.499,27.178430297391216
2007-03-31,1406.95,83.15,205.352,26.09987275343111
2007-04-30,1463.64,83.74000000000001,206.686,26.845602191758758
2007-05-31,1511.14,84.33000000000001,207.949,27.41606361188163
2007-06-30,1514.19,84.92,208.352,27.285625602225085
2007-07-31,1520.71,82.81333333333333,208.299,27.28652454132917
2007-08-31,1454.62,80.70666666666666,207.917,26.038619788741276
2007-09-30,1497.12,78.6,208.49,26.62262223505635
2007-10-31,1539.66,74.46000000000001,208.936,27.230804245469237
2007-11-30,1463.39,70.32000000000001,210.177,25.660518730067025
2007-12-31,1479.22,66.18,210.036,25.900750528254374
2008-01-31,1378.76,64.25,211.08,23.978984060849147
2008-02-29,1354.87,62.32,211.693,23.459528157547307
2008-03-31,1316.94,60.39,213.528,22.57987965881474
2008-04-30,1370.47,57.383333333333326,214.823,23.338264631539825
2008-05-31,1403.22,54.376666666666665,216.632,23.688871765183062
2008-06-30,1341.25,51.37,218.815,22.419761258297513
2008-07-31,1257.33,49.56333333333333,219.964,20.914642577250717
2008-08-31,1281.47,47.75666666666667,219.086,21.412665978321776
2008-09-30,1216.95,45.95,218.783,20.376906242796906
2008-10-31,968.8,35.593333333333334,216.573,16.421011610652695
2008-11-30,883.04,25.236666666666668,212.425,15.312078256759753
2008-12-31,877.56,14.88,210.228,15.45163618495306
2009-01-31,865.58,12.206666666666667,211.143,15.256096582908228
2009-02-28,805.23,9.533333333333333,212.193,14.204570159589109
2009-03-31,757.13,6.86,212.709,13.407460241151401
2009-04-30,848.15,7.076666666666666,213.24,15.077960002415029
2009-05-31,902.41,7.293333333333333,213.856,16.101859503458364
2009-06-30,926.12,7.51,215.693,16.495380649340625
2009-07-31,935.82,9.186666666666667,215.351,16.80723571242597
2009-08-31,1009.73,10.863333333333333,215.834,18.215528480925443
2009-09-30,1044.55,12.54,215.969,18.95723546662486
2009-10-31,1067.66,25.349999999999998,216.177,19.45487313193099
2009-11-30,1088.07,38.16,216.33,19.87898222990002
2009-12-31,1110.38,50.97,215.949,20.35602442102623
2010-01-31,1123.58,54.28999999999999,216.687,20.55519610835047
2010-02-28,1089.16,57.61,216.741,19.939509940830188
2010-03-31,1152.05,60.93,217.631,21.016857143525137
2010-04-30,1197.32,62.986666666666665,218.009,21.812351828569305
2010-05-31,1125.06,65.04333333333332,218.178,20.48192245401591
2010-06-30,1083.36,67.1,217.965,19.73767083133463
2010-07-31,1079.8,68.68666666666667,218.011,19.661396720949682
2010-08-31,1087.28,70.27333333333333,218.312,19.760778954174487
2010-09-30,1122.08,71.86,218.439,20.36804948279401
2010-10-31,1171.58,73.69,218.711,21.215314660379924
2010-11-30,1198.89,75.52,218.803,21.664347417088297
2010-12-31,1241.53,77.35,219.179,22.348111444321813
2011-01-31,1282.62,78.67,220.223,22.91775072771411
2011-02-28,1321.12,79.99000000000001,221.309,23.417403197490977
2011-03-31,1304.49,81.31,223.467,22.820284864342014
2011-04-30,1331.51,82.16333333333334,224.906,23.050250422918868
2011-05-31,1338.31,83.01666666666667,225.964,22.952160514603918
2011-06-30,1287.29,83.87,225.722,21.98377641576081
2011-07-31,1325.19,84.90666666666667,225.922,22.477776354899646
2011-08-31,1185.31,85.94333333333334,226.545,19.920116024001047
2011-09-30,1173.88,86.98,226.889,19.558751062541877
2011-10-31,1207.22,86.97,226.421,20.009841628414144
2011-11-30,1226.42,86.96000000000001,226.23,20.19467229326954
2011-12-31,1243.32,86.95,225.672,20.36830515716676
2012-01-31,1300.58,87.48,226.665,21.053117231613935
2012-02-29,1352.49,88.01,227.663,21.63360340471636
2012-03-31,1389.24,88.54,229.392,21.889317929552547
2012-04-30,1386.43,88.33333333333334,230.085,21.621156081330266
2012-05-31,1341.27,88.12666666666667,229.815,20.79316444060996
2012-06-30,1323.48,87.92,229.478,20.405442694366474
2012-07-31,1359.78,87.44666666666667,229.104,20.859662603978066
2012-08-31,1403.45,86.97333333333333,230.379,21.274986030400058
2012-09-30,1443.42,86.5,231.407,21.65272329604928
2012-10-31,1437.82,86.50333333333333,231.317,21.445114278873074
2012-11-30,1394.51,86.50666666666667,230.221,20.767359074823545
2012-12-31,1422.29,86.51,229.601,21.10304224097398
2013-01-31,1480.4,86.90666666666667,230.28,21.76420958618604
2013-02-28,1512.31,87.30333333333334,232.166,21.919511151381535
2013-03-31,1550.83,87.7,232.773,22.28661691623186
2013-04-30,1570.7,88.78333333333333,232.531,22.464661665765064
2013-05-31,1639.84,89.86666666666667,232.945,23.27946075462446
2013-06-30,1618.77,90.95,233.504,22.798782900099546
2013-07-31,1668.68,92.09,233.596,23.36500260245238
2013-08-31,1670.09,93.23,233.877,23.231957568120183
2013-09-30,1687.17,94.37,234.149,23.31918292132556
2013-10-31,1720.03,96.31333333333333,233.546,23.71606102665374
2013-11-30,1783.54,98.25666666666666,233.069,24.5263988426132
2013-12-31,1807.78,100.2,233.049,24.752460917299796
2014-01-31,1822.36,100.41666666666666,233.916,24.75413041564812
2014-02-28,1817.04,100.63333333333333,234.781,24.490293856244946
2014-03-31,1863.52,100.85,236.293,24.85815866840056
2014-04-30,1864.26,101.60666666666667,237.072,24.692506052499734
2014-05-31,1889.77,102.36333333333334,237.9,24.851801653606625
2014-06-30,1947.09,103.12,238.343,25.467270235130485
2014-07-31,1973.1,104.06666666666666,238.25,25.725663770659487
2014-08-31,1961.53,105.01333333333334,237.852,25.5254295590999
2014-09-30,1993.23,105.96,238.031,25.824557807080748
2014-10-31,1937.27,104.74333333333334,237.433,25.074356895533054
2014-11-30,2044.57,103.52666666666667,236.151,26.51635944320319
2014-12-31,2054.27,102.31,234.812,26.706812066137157
2015-01-31,2028.18,101.28999999999999,233.707,26.409350846404944
2015-02-28,2082.2,100.27000000000001,234.722,26.916254976073397
2015-03-31,2079.99,99.25,236.119,26.65527464335027
2015-04-30,2094.86,97.80333333333334,236.599,26.724852887155688
2015-05-31,2111.94,96.35666666666667,237.805,26.748926445200464
2015-06-30,2099.29,94.91,238.638,26.447787102262627
2015-07-31,2094.14,93.49333333333334,238.654,26.339871417753763
2015-08-31,2039.87,92.07666666666667,238.316,25.659402301156646
2015-09-30,1944.41,90.66,237.945,24.46823353487531
2015-10-31,2024.81,89.28333333333333,237.838,25.468507004112215
2015-11-30,2080.62,87.90666666666667,237.336,26.21104081886346
2015-12-31,2054.08,86.53,236.525,25.958302143655594
2016-01-31,1918.6,86.5,236.916,24.201229345786462
2016-02-29,1904.42,86.47,237.111,24.000384167708937
2016-03-31,2021.95,86.44,238.132,25.3727546425582
2016-04-30,2075.54,86.6,239.261,25.923440187659683
2016-05-31,2065.55,86.75999999999999,240.229,25.697078047810212
2016-06-30,2083.89,86.92,241.018,25.844550131974938
2016-07-31,2148.9,87.64333333333333,240.628,26.69965621369154
2016-08-31,2170.95,88.36666666666667,240.849,26.956777018491735
2016-09-30,2157.69,89.09,241.428,26.740016978718522
2016-10-31,2143.02,90.91,241.729,26.537132228789847
2016-11-30,2164.99,92.73,241.353,26.861301387924392
2016-12-31,2246.63,94.55,241.432,27.87364885542574
2017-01-31,2275.12,96.46333333333334,242.839,28.069287364742298
2017-02-28,2329.91,98.37666666666667,243.603,28.656591154157628
2017-03-31,2366.82,100.29,243.801,29.082241398734528
2017-04-30,2359.31,101.53333333333333,244.524,28.896979514997522
2017-05-31,2395.35,102.77666666666667,244.733,29.30279755636202
2017-06-30,2433.99,104.02,244.955,29.735839450472394
2017-07-31,2454.1,105.03999999999999,244.786,29.978640953268076
2017-08-31,2456.22,106.06,245.519,29.882333400692843
2017-09-30,2492.84,107.08,246.819,30.12548911287797
2017-10-31,2557.0,108.01333333333334,246.663,30.857865342702855
2017-11-30,2593.61,108.94666666666666,246.669,31.21598372334702
2017-12-31,2664.34,109.88,246.524,31.982770364766118
2018-01-31,2789.8,111.73333333333332,247.867,33.187532481125366
2018-02-28,2705.16,113.58666666666666,248.991,31.908522950852706
2018-03-31,2702.77,115.44,249.554,31.669075043288952
2018-04-30,2653.63,117.78666666666666,250.546,30.81773609773047
2018-05-31,2701.49,120.13333333333333,251.588,31.07296754656045
2018-06-30,2754.35,122.48,251.989,31.44003518176645
2018-07-31,2793.64,125.11666666666667,252.006,31.680456549572778
2018-08-31,2857.82,127.75333333333333,252.146,32.16911484289528
2018-09-30,2901.5,130.39,252.439,32.38809850276803
2018-10-31,2785.46,131.05666666666667,252.885,30.782152361564112
2018-11-30,2723.23,131.72333333333333,252.038,29.914250386295226
2018-12-31,2567.31,132.39,251.233,27.997191044869044
2019-01-31,2607.39,133.05666666666664,251.712,28.07835381320256
2019-02-28,2754.86,133.7233333333333,252.776,29.222008546929008
2019-03-31,2803.98,134.39,254.202,29.251730207605068
2019-04-30,2903.8,134.68333333333334,255.548,29.80820073943431
2019-05-31,2854.71,134.97666666666666,256.092,28.930268503734887
2019-06-30,2890.17,135.27,256.143,28.97467978551996
2019-07-31,2996.1136363636365,134.48000000000002,256.571,29.680872740357287
2019-08-31,2897.498181818182,133.69,256.558,28.421998693202507
2019-09-30,2982.156,132.9,256.759,28.95051180439653
2019-10-31,2977.68,135.09,257.346,28.59894781612061
2019-11-30,3104.9044999999996,137.28,257.208,29.618870224825958
2019-12-31,3176.7495238095235,139.47,256.974,30.142789435472118
2020-01-31,3278.2028571428577,131.75666666666666,257.971,30.822262826326714
2020-02-29,3277.3142105263164,124.04333333333332,258.678,30.59750995236532
2020-03-31,2652.3936363636367,116.33,258.115,24.732192582094083
2020-04-30,2761.975238095238,110.63,256.389,25.853429237721404
2020-05-31,2919.615,104.93,256.394,27.267875960258195
2020-06-30,3104.6609090909087,99.23,257.797,28.794033968994
2020-07-31,3207.6190909090906,98.89333333333335,259.101,29.559959234424294
2020-08-31,3391.71,98.55666666666667,259.918,31.122730673722266
2020-09-30,3365.5166666666664,98.22,260.28,30.80979281585099
2020-10-31,3418.701363636364,96.85666666666667,260.388,31.261941979660556
2020-11-30,3548.992500000001,95.49333333333334,260.229,32.45915814158763
2020-12-31,3695.3099999999995,94.13,260.474,33.75991883713718
2021-01-31,3793.748421052632,105.48666666666665,261.582,34.480954437628455
2021-02-28,3883.4321052631576,116.84333333333332,263.014,35.04640963848256
2021-03-31,3910.5082608695648,128.2,264.877,34.959467720213944
2021-04-30,4141.176190476191,138.38666666666666,267.054,36.6093753607899
2021-05-31,4167.849500000001,148.57333333333332,269.195,36.41991671051921
2021-06-30,4238.489545454546,158.76,271.696,36.54384231444769
2021-07-31,4363.7128571428575,164.31666666666666,273.003,37.27887126964154
2021-08-31,4454.206363636363,169.87333333333333,273.567,37.7960323315414
2021-09-30,4445.543333333333,175.43,274.31,37.43483680464154
2021-10-31,4460.707142857143,182.91,276.589,37.05530392114162
2021-11-30,4667.386666666667,190.39,277.948,38.36183522544473
2021-12-31,4674.772727272726,197.87,278.802,38.069725747295216
2022-01-31,4573.8155,197.88333333333333,281.148,36.71591999599899
2022-02-28,4435.980526315789,197.89666666666665,283.716,35.081992563671996
2022-03-31,4391.265217391306,197.91,287.504,34.07811318326925
2022-04-30,4391.295999999999,196.02666666666664,289.109,33.70484702014804
2022-05-31,4040.3599999999997,194.14333333333332,292.296,30.51474469978715
2022-06-30,3898.9466666666676,192.26,296.311,28.906421600087608
2022-07-31,3911.729499999999,190.58333333333331,296.276,28.86638939590047
2022-08-31,4158.5630434782615,188.90666666666664,296.171,30.55385596588425
2022-09-30,3850.520476190475,187.23,296.808,28.09892834136568
2022-10-31,3726.050952380952,182.40333333333334,298.012,26.964879785474945
2022-11-30,3917.488571428571,177.57666666666665,297.711,28.266820069184906
2022-12-31,3912.380952380953,172.75,296.797,28.213232592508238
2023-01-31,3960.6565,173.55666666666667,299.17,28.232727872477014
2023-02-28,4079.684736842105,174.36333333333332,300.84,28.815526445420076
2023-03-31,3968.5591304347827,175.17,301.67499999999995,27.85248105354325
2023-04-30,4121.467368421053,177.17,303.363,28.662425898496974
2023-05-31,4146.1731818181825,179.17,304.127,28.659349197410975
2023-06-30,4345.372857142857,181.17,305.109,29.832828319111567
2023-07-31,4508.075500000001,181.17,305.691,30.784296690396424
2023-08-31,4457.358695652174,181.17,305.98199999999997,30.30702258345443
2023-09-30,4515.77,181.17,306.12749999999994,30.589470285029904
